train_no,train_name,seq,station_code,station_name,arrival_time,departure_time,distance,source_station,destination_station
12301,Train 12301,1,STN1,Station 1,00:00,08:04,0,STN1,STN23
12301,Train 12301,2,STN2,Station 2,09:31,09:36,36,STN1,STN23
12301,Train 12301,3,STN3,Station 3,10:33,10:40,75,STN1,STN23
12301,Train 12301,4,STN4,Station 4,12:06,12:13,116,STN1,STN23
12301,Train 12301,5,STN5,Station 5,13:16,13:18,193,STN1,STN23
12301,Train 12301,6,STN6,Station 6,15:17,15:22,258,STN1,STN23
12301,Train 12301,7,STN7,Station 7,16:09,16:11,325,STN1,STN23
12301,Train 12301,8,STN8,Station 8,17:52,18:00,422,STN1,STN23
12301,Train 12301,9,STN9,Station 9,19:45,19:54,489,STN1,STN23
12301,Train 12301,10,STN10,Station 10,20:37,20:41,586,STN1,STN23
12301,Train 12301,11,STN11,Station 11,21:39,21:44,648,STN1,STN23
12301,Train 12301,12,STN12,Station 12,23:14,23:16,679,STN1,STN23
12301,Train 12301,13,STN13,Station 13,01:02,01:05,720,STN1,STN23
12301,Train 12301,14,STN14,Station 14,01:51,01:58,780,STN1,STN23
12301,Train 12301,15,STN15,Station 15,03:49,03:58,852,STN1,STN23
12301,Train 12301,16,STN16,Station 16,05:12,05:16,922,STN1,STN23
12301,Train 12301,17,STN17,Station 17,07:13,07:20,1017,STN1,STN23
12301,Train 12301,18,STN18,Station 18,08:40,08:50,1064,STN1,STN23
12301,Train 12301,19,STN19,Station 19,09:51,10:01,1144,STN1,STN23
12301,Train 12301,20,STN20,Station 20,11:43,11:46,1197,STN1,STN23
12301,Train 12301,21,STN21,Station 21,12:38,12:44,1281,STN1,STN23
12301,Train 12301,22,STN22,Station 22,13:30,13:36,1381,STN1,STN23
12301,Train 12301,23,STN23,Station 23,15:01,00:00,1422,STN1,STN23
12302,Train 12302,1,STN1,Station 1,00:00,08:05,0,STN1,STN17
12302,Train 12302,2,STN2,Station 2,09:32,09:35,75,STN1,STN17
12302,Train 12302,3,STN3,Station 3,11:03,11:13,105,STN1,STN17
12302,Train 12302,4,STN4,Station 4,11:53,11:56,201,STN1,STN17
12302,Train 12302,5,STN5,Station 5,13:40,13:43,262,STN1,STN17
12302,Train 12302,6,STN6,Station 6,15:34,15:44,346,STN1,STN17
12302,Train 12302,7,STN7,Station 7,17:17,17:22,420,STN1,STN17
12302,Train 12302,8,STN8,Station 8,18:16,18:20,478,STN1,STN17
12302,Train 12302,9,STN9,Station 9,19:50,19:59,570,STN1,STN17
12302,Train 12302,10,STN10,Station 10,21:26,21:33,637,STN1,STN17
12302,Train 12302,11,STN11,Station 11,23:27,23:29,720,STN1,STN17
12302,Train 12302,12,STN12,Station 12,01:01,01:03,768,STN1,STN17
12302,Train 12302,13,STN13,Station 13,02:35,02:40,849,STN1,STN17
12302,Train 12302,14,STN14,Station 14,03:33,03:42,905,STN1,STN17
12302,Train 12302,15,STN15,Station 15,05:16,05:22,946,STN1,STN17
12302,Train 12302,16,STN16,Station 16,06:02,06:06,980,STN1,STN17
12302,Train 12302,17,STN17,Station 17,07:03,00:00,1038,STN1,STN17
12951,Train 12951,1,STN1,Station 1,00:00,08:05,0,STN1,STN15
12951,Train 12951,2,STN2,Station 2,09:03,09:07,37,STN1,STN15
12951,Train 12951,3,STN3,Station 3,11:03,11:12,101,STN1,STN15
12951,Train 12951,4,STN4,Station 4,12:25,12:33,164,STN1,STN15
12951,Train 12951,5,STN5,Station 5,14:28,14:31,234,STN1,STN15
12951,Train 12951,6,STN6,Station 6,16:03,16:07,328,STN1,STN15
12951,Train 12951,7,STN7,Station 7,17:35,17:37,400,STN1,STN15
12951,Train 12951,8,STN8,Station 8,19:07,19:12,447,STN1,STN15
12951,Train 12951,9,STN9,Station 9,19:55,20:02,501,STN1,STN15
12951,Train 12951,10,STN10,Station 10,21:38,21:40,596,STN1,STN15
12951,Train 12951,11,STN11,Station 11,22:57,23:03,673,STN1,STN15
12951,Train 12951,12,STN12,Station 12,00:35,00:38,761,STN1,STN15
12951,Train 12951,13,STN13,Station 13,01:47,01:53,830,STN1,STN15
12951,Train 12951,14,STN14,Station 14,03:32,03:37,884,STN1,STN15
12951,Train 12951,15,STN15,Station 15,05:19,00:00,952,STN1,STN15
12952,Train 12952,1,STN1,Station 1,00:00,08:04,0,STN1,STN18
12952,Train 12952,2,STN2,Station 2,09:47,09:54,98,STN1,STN18
12952,Train 12952,3,STN3,Station 3,11:33,11:38,144,STN1,STN18
12952,Train 12952,4,STN4,Station 4,13:24,13:34,207,STN1,STN18
12952,Train 12952,5,STN5,Station 5,15:25,15:29,294,STN1,STN18
12952,Train 12952,6,STN6,Station 6,16:11,16:15,382,STN1,STN18
12952,Train 12952,7,STN7,Station 7,18:01,18:06,482,STN1,STN18
12952,Train 12952,8,STN8,Station 8,19:30,19:35,573,STN1,STN18
12952,Train 12952,9,STN9,Station 9,20:31,20:35,673,STN1,STN18
12952,Train 12952,10,STN10,Station 10,21:57,22:02,734,STN1,STN18
12952,Train 12952,11,STN11,Station 11,23:19,23:28,804,STN1,STN18
12952,Train 12952,12,STN12,Station 12,00:16,00:26,884,STN1,STN18
12952,Train 12952,13,STN13,Station 13,01:38,01:42,915,STN1,STN18
12952,Train 12952,14,STN14,Station 14,03:33,03:42,987,STN1,STN18
12952,Train 12952,15,STN15,Station 15,05:21,05:23,1034,STN1,STN18
12952,Train 12952,16,STN16,Station 16,07:13,07:21,1064,STN1,STN18
12952,Train 12952,17,STN17,Station 17,08:53,09:01,1129,STN1,STN18
12952,Train 12952,18,STN18,Station 18,10:32,00:00,1160,STN1,STN18
12625,Train 12625,1,STN1,Station 1,00:00,08:07,0,STN1,STN14
12625,Train 12625,2,STN2,Station 2,09:18,09:28,90,STN1,STN14
12625,Train 12625,3,STN3,Station 3,11:02,11:06,128,STN1,STN14
12625,Train 12625,4,STN4,Station 4,12:59,13:04,218,STN1,STN14
12625,Train 12625,5,STN5,Station 5,14:08,14:10,300,STN1,STN14
12625,Train 12625,6,STN6,Station 6,15:26,15:36,382,STN1,STN14
12625,Train 12625,7,STN7,Station 7,16:47,16:54,437,STN1,STN14
12625,Train 12625,8,STN8,Station 8,17:50,17:54,530,STN1,STN14
12625,Train 12625,9,STN9,Station 9,18:47,18:50,583,STN1,STN14
12625,Train 12625,10,STN10,Station 10,20:02,20:12,652,STN1,STN14
12625,Train 12625,11,STN11,Station 11,21:03,21:12,734,STN1,STN14
12625,Train 12625,12,STN12,Station 12,23:00,23:02,817,STN1,STN14
12625,Train 12625,13,STN13,Station 13,00:03,00:09,898,STN1,STN14
12625,Train 12625,14,STN14,Station 14,01:59,00:00,952,STN1,STN14
12626,Train 12626,1,STN1,Station 1,00:00,08:09,0,STN1,STN25
12626,Train 12626,2,STN2,Station 2,09:23,09:30,80,STN1,STN25
12626,Train 12626,3,STN3,Station 3,10:47,10:55,142,STN1,STN25
12626,Train 12626,4,STN4,Station 4,11:45,11:53,203,STN1,STN25
12626,Train 12626,5,STN5,Station 5,13:53,13:57,292,STN1,STN25
12626,Train 12626,6,STN6,Station 6,15:48,15:52,363,STN1,STN25
12626,Train 12626,7,STN7,Station 7,17:23,17:31,395,STN1,STN25
12626,Train 12626,8,STN8,Station 8,19:26,19:30,478,STN1,STN25
12626,Train 12626,9,STN9,Station 9,20:45,20:52,509,STN1,STN25
12626,Train 12626,10,STN10,Station 10,22:47,22:50,602,STN1,STN25
12626,Train 12626,11,STN11,Station 11,00:49,00:55,680,STN1,STN25
12626,Train 12626,12,STN12,Station 12,01:37,01:39,710,STN1,STN25
12626,Train 12626,13,STN13,Station 13,03:25,03:27,750,STN1,STN25
12626,Train 12626,14,STN14,Station 14,04:48,04:56,780,STN1,STN25
12626,Train 12626,15,STN15,Station 15,05:43,05:48,813,STN1,STN25
12626,Train 12626,16,STN16,Station 16,07:36,07:41,862,STN1,STN25
12626,Train 12626,17,STN17,Station 17,08:30,08:33,899,STN1,STN25
12626,Train 12626,18,STN18,Station 18,09:33,09:37,987,STN1,STN25
12626,Train 12626,19,STN19,Station 19,11:32,11:34,1040,STN1,STN25
12626,Train 12626,20,STN20,Station 20,13:17,13:26,1094,STN1,STN25
12626,Train 12626,21,STN21,Station 21,14:08,14:18,1178,STN1,STN25
12626,Train 12626,22,STN22,Station 22,15:19,15:22,1224,STN1,STN25
12626,Train 12626,23,STN23,Station 23,16:49,16:51,1297,STN1,STN25
12626,Train 12626,24,STN24,Station 24,18:20,18:28,1352,STN1,STN25
12626,Train 12626,25,STN25,Station 25,19:29,00:00,1448,STN1,STN25
17404,Train 17404,1,STN1,Station 1,00:00,08:05,0,STN1,STN12
17404,Train 17404,2,STN2,Station 2,09:43,09:45,87,STN1,STN12
17404,Train 17404,3,STN3,Station 3,10:53,11:03,187,STN1,STN12
17404,Train 17404,4,STN4,Station 4,12:38,12:47,259,STN1,STN12
17404,Train 17404,5,STN5,Station 5,14:19,14:25,318,STN1,STN12
17404,Train 17404,6,STN6,Station 6,15:08,15:13,354,STN1,STN12
17404,Train 17404,7,STN7,Station 7,16:04,16:07,425,STN1,STN12
17404,Train 17404,8,STN8,Station 8,17:20,17:22,501,STN1,STN12
17404,Train 17404,9,STN9,Station 9,18:49,18:54,583,STN1,STN12
17404,Train 17404,10,STN10,Station 10,20:27,20:32,665,STN1,STN12
17404,Train 17404,11,STN11,Station 11,21:33,21:38,712,STN1,STN12
17404,Train 17404,12,STN12,Station 12,23:08,00:00,781,STN1,STN12
17177,Train 17177,1,STN1,Station 1,00:00,08:02,0,STN1,STN16
17177,Train 17177,2,STN2,Station 2,09:42,09:49,64,STN1,STN16
17177,Train 17177,3,STN3,Station 3,11:49,11:58,98,STN1,STN16
17177,Train 17177,4,STN4,Station 4,13:01,13:05,196,STN1,STN16
17177,Train 17177,5,STN5,Station 5,15:02,15:05,290,STN1,STN16
17177,Train 17177,6,STN6,Station 6,16:28,16:33,383,STN1,STN16
17177,Train 17177,7,STN7,Station 7,17:56,18:00,470,STN1,STN16
17177,Train 17177,8,STN8,Station 8,18:59,19:03,538,STN1,STN16
17177,Train 17177,9,STN9,Station 9,20:50,20:55,585,STN1,STN16
17177,Train 17177,10,STN10,Station 10,21:35,21:40,624,STN1,STN16
17177,Train 17177,11,STN11,Station 11,23:29,23:36,692,STN1,STN16
17177,Train 17177,12,STN12,Station 12,01:16,01:26,768,STN1,STN16
17177,Train 17177,13,STN13,Station 13,03:05,03:13,815,STN1,STN16
17177,Train 17177,14,STN14,Station 14,04:51,04:57,891,STN1,STN16
17177,Train 17177,15,STN15,Station 15,06:09,06:17,957,STN1,STN16
17177,Train 17177,16,STN16,Station 16,07:13,00:00,1023,STN1,STN16
11751,Train 11751,1,STN1,Station 1,00:00,08:03,0,STN1,STN28
11751,Train 11751,2,STN2,Station 2,09:38,09:41,56,STN1,STN28
11751,Train 11751,3,STN3,Station 3,11:32,11:35,101,STN1,STN28
11751,Train 11751,4,STN4,Station 4,12:58,13:08,137,STN1,STN28
11751,Train 11751,5,STN5,Station 5,14:42,14:52,223,STN1,STN28
11751,Train 11751,6,STN6,Station 6,16:30,16:36,272,STN1,STN28
11751,Train 11751,7,STN7,Station 7,17:52,18:02,328,STN1,STN28
11751,Train 11751,8,STN8,Station 8,18:55,18:59,398,STN1,STN28
11751,Train 11751,9,STN9,Station 9,20:54,20:56,447,STN1,STN28
11751,Train 11751,10,STN10,Station 10,22:05,22:08,534,STN1,STN28
11751,Train 11751,11,STN11,Station 11,22:58,23:06,591,STN1,STN28
11751,Train 11751,12,STN12,Station 12,01:01,01:09,625,STN1,STN28
11751,Train 11751,13,STN13,Station 13,02:50,02:52,667,STN1,STN28
11751,Train 11751,14,STN14,Station 14,04:10,04:14,720,STN1,STN28
11751,Train 11751,15,STN15,Station 15,05:20,05:29,792,STN1,STN28
11751,Train 11751,16,STN16,Station 16,07:01,07:09,881,STN1,STN28
11751,Train 11751,17,STN17,Station 17,08:20,08:29,945,STN1,STN28
11751,Train 11751,18,STN18,Station 18,10:02,10:08,1021,STN1,STN28
11751,Train 11751,19,STN19,Station 19,11:10,11:17,1092,STN1,STN28
11751,Train 11751,20,STN20,Station 20,12:42,12:51,1141,STN1,STN28
11751,Train 11751,21,STN21,Station 21,14:01,14:08,1222,STN1,STN28
11751,Train 11751,22,STN22,Station 22,15:57,16:07,1293,STN1,STN28
11751,Train 11751,23,STN23,Station 23,17:07,17:13,1345,STN1,STN28
11751,Train 11751,24,STN24,Station 24,18:30,18:34,1426,STN1,STN28
11751,Train 11751,25,STN25,Station 25,19:38,19:41,1515,STN1,STN28
11751,Train 11751,26,STN26,Station 26,21:06,21:09,1596,STN1,STN28
11751,Train 11751,27,STN27,Station 27,23:00,23:04,1684,STN1,STN28
11751,Train 11751,28,STN28,Station 28,23:58,00:00,1758,STN1,STN28
15286,Train 15286,1,STN1,Station 1,00:00,08:03,0,STN1,STN13
15286,Train 15286,2,STN2,Station 2,09:46,09:56,37,STN1,STN13
15286,Train 15286,3,STN3,Station 3,11:30,11:37,70,STN1,STN13
15286,Train 15286,4,STN4,Station 4,12:57,13:05,117,STN1,STN13
15286,Train 15286,5,STN5,Station 5,14:27,14:32,190,STN1,STN13
15286,Train 15286,6,STN6,Station 6,15:32,15:39,289,STN1,STN13
15286,Train 15286,7,STN7,Station 7,17:23,17:27,351,STN1,STN13
15286,Train 15286,8,STN8,Station 8,18:47,18:51,440,STN1,STN13
15286,Train 15286,9,STN9,Station 9,19:42,19:48,495,STN1,STN13
15286,Train 15286,10,STN10,Station 10,21:13,21:22,552,STN1,STN13
15286,Train 15286,11,STN11,Station 11,22:46,22:53,615,STN1,STN13
15286,Train 15286,12,STN12,Station 12,23:38,23:41,671,STN1,STN13
15286,Train 15286,13,STN13,Station 13,01:11,00:00,713,STN1,STN13
17606,Train 17606,1,STN1,Station 1,00:00,08:02,0,STN1,STN22
17606,Train 17606,2,STN2,Station 2,10:01,10:03,69,STN1,STN22
17606,Train 17606,3,STN3,Station 3,11:02,11:12,113,STN1,STN22
17606,Train 17606,4,STN4,Station 4,12:57,13:06,152,STN1,STN22
17606,Train 17606,5,STN5,Station 5,14:18,14:22,191,STN1,STN22
17606,Train 17606,6,STN6,Station 6,15:13,15:22,291,STN1,STN22
17606,Train 17606,7,STN7,Station 7,17:07,17:09,345,STN1,STN22
17606,Train 17606,8,STN8,Station 8,18:51,18:55,398,STN1,STN22
17606,Train 17606,9,STN9,Station 9,20:11,20:21,486,STN1,STN22
17606,Train 17606,10,STN10,Station 10,21:20,21:24,577,STN1,STN22
17606,Train 17606,11,STN11,Station 11,22:04,22:12,613,STN1,STN22
17606,Train 17606,12,STN12,Station 12,23:49,23:59,647,STN1,STN22
17606,Train 17606,13,STN13,Station 13,00:42,00:46,690,STN1,STN22
17606,Train 17606,14,STN14,Station 14,02:11,02:15,731,STN1,STN22
17606,Train 17606,15,STN15,Station 15,03:39,03:43,819,STN1,STN22
17606,Train 17606,16,STN16,Station 16,05:29,05:35,887,STN1,STN22
17606,Train 17606,17,STN17,Station 17,07:33,07:38,963,STN1,STN22
17606,Train 17606,18,STN18,Station 18,09:02,09:09,1036,STN1,STN22
17606,Train 17606,19,STN19,Station 19,10:34,10:41,1130,STN1,STN22
17606,Train 17606,20,STN20,Station 20,11:51,11:58,1184,STN1,STN22
17606,Train 17606,21,STN21,Station 21,12:45,12:51,1256,STN1,STN22
17606,Train 17606,22,STN22,Station 22,14:06,00:00,1300,STN1,STN22
13896,Train 13896,1,STN1,Station 1,00:00,08:07,0,STN1,STN13
13896,Train 13896,2,STN2,Station 2,09:42,09:49,42,STN1,STN13
13896,Train 13896,3,STN3,Station 3,11:13,11:18,135,STN1,STN13
13896,Train 13896,4,STN4,Station 4,12:16,12:24,173,STN1,STN13
13896,Train 13896,5,STN5,Station 5,14:08,14:15,250,STN1,STN13
13896,Train 13896,6,STN6,Station 6,16:06,16:08,340,STN1,STN13
13896,Train 13896,7,STN7,Station 7,18:01,18:04,380,STN1,STN13
13896,Train 13896,8,STN8,Station 8,18:48,18:50,469,STN1,STN13
13896,Train 13896,9,STN9,Station 9,20:21,20:31,542,STN1,STN13
13896,Train 13896,10,STN10,Station 10,21:19,21:24,632,STN1,STN13
13896,Train 13896,11,STN11,Station 11,23:18,23:21,714,STN1,STN13
13896,Train 13896,12,STN12,Station 12,00:52,00:59,756,STN1,STN13
13896,Train 13896,13,STN13,Station 13,01:59,00:00,827,STN1,STN13
18276,Train 18276,1,STN1,Station 1,00:00,08:04,0,STN1,STN28
18276,Train 18276,2,STN2,Station 2,09:42,09:52,73,STN1,STN28
18276,Train 18276,3,STN3,Station 3,11:09,11:11,131,STN1,STN28
18276,Train 18276,4,STN4,Station 4,12:24,12:33,225,STN1,STN28
18276,Train 18276,5,STN5,Station 5,13:17,13:26,284,STN1,STN28
18276,Train 18276,6,STN6,Station 6,14:10,14:13,340,STN1,STN28
18276,Train 18276,7,STN7,Station 7,15:28,15:33,404,STN1,STN28
18276,Train 18276,8,STN8,Station 8,16:19,16:27,436,STN1,STN28
18276,Train 18276,9,STN9,Station 9,17:40,17:50,510,STN1,STN28
18276,Train 18276,10,STN10,Station 10,19:07,19:16,595,STN1,STN28
18276,Train 18276,11,STN11,Station 11,21:14,21:22,683,STN1,STN28
18276,Train 18276,12,STN12,Station 12,22:26,22:31,748,STN1,STN28
18276,Train 18276,13,STN13,Station 13,23:26,23:29,790,STN1,STN28
18276,Train 18276,14,STN14,Station 14,01:18,01:28,877,STN1,STN28
18276,Train 18276,15,STN15,Station 15,03:00,03:04,955,STN1,STN28
18276,Train 18276,16,STN16,Station 16,04:17,04:26,1012,STN1,STN28
18276,Train 18276,17,STN17,Station 17,05:46,05:53,1065,STN1,STN28
18276,Train 18276,18,STN18,Station 18,07:45,07:51,1098,STN1,STN28
18276,Train 18276,19,STN19,Station 19,09:14,09:21,1157,STN1,STN28
18276,Train 18276,20,STN20,Station 20,10:19,10:21,1245,STN1,STN28
18276,Train 18276,21,STN21,Station 21,11:13,11:20,1303,STN1,STN28
18276,Train 18276,22,STN22,Station 22,13:03,13:07,1379,STN1,STN28
18276,Train 18276,23,STN23,Station 23,13:53,14:00,1457,STN1,STN28
18276,Train 18276,24,STN24,Station 24,15:36,15:41,1540,STN1,STN28
18276,Train 18276,25,STN25,Station 25,16:30,16:40,1602,STN1,STN28
18276,Train 18276,26,STN26,Station 26,18:20,18:29,1655,STN1,STN28
18276,Train 18276,27,STN27,Station 27,19:46,19:51,1705,STN1,STN28
18276,Train 18276,28,STN28,Station 28,20:32,00:00,1779,STN1,STN28
17240,Train 17240,1,STN1,Station 1,00:00,08:10,0,STN1,STN26
17240,Train 17240,2,STN2,Station 2,09:45,09:53,59,STN1,STN26
17240,Train 17240,3,STN3,Station 3,11:52,12:02,141,STN1,STN26
17240,Train 17240,4,STN4,Station 4,13:01,13:06,174,STN1,STN26
17240,Train 17240,5,STN5,Station 5,13:49,13:59,247,STN1,STN26
17240,Train 17240,6,STN6,Station 6,14:53,14:56,311,STN1,STN26
17240,Train 17240,7,STN7,Station 7,16:53,17:03,348,STN1,STN26
17240,Train 17240,8,STN8,Station 8,18:48,18:51,400,STN1,STN26
17240,Train 17240,9,STN9,Station 9,20:44,20:53,456,STN1,STN26
17240,Train 17240,10,STN10,Station 10,21:46,21:56,555,STN1,STN26
17240,Train 17240,11,STN11,Station 11,22:50,22:54,620,STN1,STN26
17240,Train 17240,12,STN12,Station 12,00:45,00:55,698,STN1,STN26
17240,Train 17240,13,STN13,Station 13,01:45,01:48,747,STN1,STN26
17240,Train 17240,14,STN14,Station 14,03:19,03:22,824,STN1,STN26
17240,Train 17240,15,STN15,Station 15,05:00,05:09,878,STN1,STN26
17240,Train 17240,16,STN16,Station 16,06:55,07:04,939,STN1,STN26
17240,Train 17240,17,STN17,Station 17,07:52,07:57,983,STN1,STN26
17240,Train 17240,18,STN18,Station 18,09:33,09:43,1073,STN1,STN26
17240,Train 17240,19,STN19,Station 19,10:43,10:45,1110,STN1,STN26
17240,Train 17240,20,STN20,Station 20,12:36,12:45,1202,STN1,STN26
17240,Train 17240,21,STN21,Station 21,13:49,13:52,1256,STN1,STN26
17240,Train 17240,22,STN22,Station 22,14:53,15:02,1335,STN1,STN26
17240,Train 17240,23,STN23,Station 23,16:08,16:16,1366,STN1,STN26
17240,Train 17240,24,STN24,Station 24,17:06,17:15,1438,STN1,STN26
17240,Train 17240,25,STN25,Station 25,18:29,18:31,1499,STN1,STN26
17240,Train 17240,26,STN26,Station 26,19:43,00:00,1579,STN1,STN26
17849,Train 17849,1,STN1,Station 1,00:00,08:03,0,STN1,STN19
17849,Train 17849,2,STN2,Station 2,09:18,09:22,43,STN1,STN19
17849,Train 17849,3,STN3,Station 3,11:04,11:12,119,STN1,STN19
17849,Train 17849,4,STN4,Station 4,12:24,12:26,176,STN1,STN19
17849,Train 17849,5,STN5,Station 5,13:42,13:46,236,STN1,STN19
17849,Train 17849,6,STN6,Station 6,14:34,14:37,311,STN1,STN19
17849,Train 17849,7,STN7,Station 7,15:50,15:59,342,STN1,STN19
17849,Train 17849,8,STN8,Station 8,16:51,16:58,403,STN1,STN19
17849,Train 17849,9,STN9,Station 9,18:26,18:28,451,STN1,STN19
17849,Train 17849,10,STN10,Station 10,20:08,20:15,489,STN1,STN19
17849,Train 17849,11,STN11,Station 11,21:51,21:58,524,STN1,STN19
17849,Train 17849,12,STN12,Station 12,22:47,22:56,605,STN1,STN19
17849,Train 17849,13,STN13,Station 13,00:49,00:57,691,STN1,STN19
17849,Train 17849,14,STN14,Station 14,02:35,02:41,741,STN1,STN19
17849,Train 17849,15,STN15,Station 15,03:39,03:45,807,STN1,STN19
17849,Train 17849,16,STN16,Station 16,05:30,05:37,899,STN1,STN19
17849,Train 17849,17,STN17,Station 17,06:44,06:52,980,STN1,STN19
17849,Train 17849,18,STN18,Station 18,07:58,08:08,1022,STN1,STN19
17849,Train 17849,19,STN19,Station 19,09:26,00:00,1087,STN1,STN19
17557,Train 17557,1,STN1,Station 1,00:00,08:03,0,STN1,STN11
17557,Train 17557,2,STN2,Station 2,09:11,09:14,68,STN1,STN11
17557,Train 17557,3,STN3,Station 3,11:01,11:04,108,STN1,STN11
17557,Train 17557,4,STN4,Station 4,12:44,12:52,174,STN1,STN11
17557,Train 17557,5,STN5,Station 5,13:53,14:00,238,STN1,STN11
17557,Train 17557,6,STN6,Station 6,15:07,15:13,311,STN1,STN11
17557,Train 17557,7,STN7,Station 7,16:43,16:48,398,STN1,STN11
17557,Train 17557,8,STN8,Station 8,18:02,18:10,466,STN1,STN11
17557,Train 17557,9,STN9,Station 9,19:25,19:31,499,STN1,STN11
17557,Train 17557,10,STN10,Station 10,21:28,21:37,573,STN1,STN11
17557,Train 17557,11,STN11,Station 11,23:13,00:00,624,STN1,STN11
20554,Train 20554,1,STN1,Station 1,00:00,08:10,0,STN1,STN27
20554,Train 20554,2,STN2,Station 2,09:57,10:00,55,STN1,STN27
20554,Train 20554,3,STN3,Station 3,10:58,11:00,138,STN1,STN27
20554,Train 20554,4,STN4,Station 4,11:49,11:52,171,STN1,STN27
20554,Train 20554,5,STN5,Station 5,12:46,12:52,255,STN1,STN27
20554,Train 20554,6,STN6,Station 6,13:45,13:47,285,STN1,STN27
20554,Train 20554,7,STN7,Station 7,15:46,15:55,335,STN1,STN27
20554,Train 20554,8,STN8,Station 8,16:41,16:48,426,STN1,STN27
20554,Train 20554,9,STN9,Station 9,18:38,18:43,474,STN1,STN27
20554,Train 20554,10,STN10,Station 10,20:39,20:49,574,STN1,STN27
20554,Train 20554,11,STN11,Station 11,22:42,22:44,618,STN1,STN27
20554,Train 20554,12,STN12,Station 12,23:37,23:42,657,STN1,STN27
20554,Train 20554,13,STN13,Station 13,00:34,00:44,733,STN1,STN27
20554,Train 20554,14,STN14,Station 14,02:38,02:40,779,STN1,STN27
20554,Train 20554,15,STN15,Station 15,03:36,03:45,870,STN1,STN27
20554,Train 20554,16,STN16,Station 16,04:28,04:35,915,STN1,STN27
20554,Train 20554,17,STN17,Station 17,06:20,06:27,952,STN1,STN27
20554,Train 20554,18,STN18,Station 18,07:50,07:53,1030,STN1,STN27
20554,Train 20554,19,STN19,Station 19,08:41,08:49,1129,STN1,STN27
20554,Train 20554,20,STN20,Station 20,09:56,10:01,1202,STN1,STN27
20554,Train 20554,21,STN21,Station 21,11:41,11:46,1273,STN1,STN27
20554,Train 20554,22,STN22,Station 22,13:21,13:28,1372,STN1,STN27
20554,Train 20554,23,STN23,Station 23,14:34,14:40,1470,STN1,STN27
20554,Train 20554,24,STN24,Station 24,16:24,16:34,1549,STN1,STN27
20554,Train 20554,25,STN25,Station 25,17:15,17:17,1579,STN1,STN27
20554,Train 20554,26,STN26,Station 26,18:37,18:40,1655,STN1,STN27
20554,Train 20554,27,STN27,Station 27,19:56,00:00,1689,STN1,STN27
13377,Train 13377,1,STN1,Station 1,00:00,08:04,0,STN1,STN23
13377,Train 13377,2,STN2,Station 2,08:52,09:01,62,STN1,STN23
13377,Train 13377,3,STN3,Station 3,10:44,10:49,97,STN1,STN23
13377,Train 13377,4,STN4,Station 4,12:38,12:47,179,STN1,STN23
13377,Train 13377,5,STN5,Station 5,13:41,13:43,266,STN1,STN23
13377,Train 13377,6,STN6,Station 6,15:02,15:06,361,STN1,STN23
13377,Train 13377,7,STN7,Station 7,16:41,16:44,396,STN1,STN23
13377,Train 13377,8,STN8,Station 8,17:28,17:31,494,STN1,STN23
13377,Train 13377,9,STN9,Station 9,19:04,19:14,593,STN1,STN23
13377,Train 13377,10,STN10,Station 10,20:47,20:49,673,STN1,STN23
13377,Train 13377,11,STN11,Station 11,22:45,22:50,734,STN1,STN23
13377,Train 13377,12,STN12,Station 12,00:41,00:43,820,STN1,STN23
13377,Train 13377,13,STN13,Station 13,01:32,01:41,850,STN1,STN23
13377,Train 13377,14,STN14,Station 14,03:14,03:23,882,STN1,STN23
13377,Train 13377,15,STN15,Station 15,04:25,04:28,950,STN1,STN23
13377,Train 13377,16,STN16,Station 16,06:20,06:25,992,STN1,STN23
13377,Train 13377,17,STN17,Station 17,07:45,07:51,1081,STN1,STN23
13377,Train 13377,18,STN18,Station 18,08:34,08:39,1136,STN1,STN23
13377,Train 13377,19,STN19,Station 19,10:35,10:40,1168,STN1,STN23
13377,Train 13377,20,STN20,Station 20,12:40,12:50,1241,STN1,STN23
13377,Train 13377,21,STN21,Station 21,14:12,14:16,1333,STN1,STN23
13377,Train 13377,22,STN22,Station 22,15:29,15:37,1399,STN1,STN23
13377,Train 13377,23,STN23,Station 23,16:22,00:00,1453,STN1,STN23
12885,Train 12885,1,STN1,Station 1,00:00,08:04,0,STN1,STN27
12885,Train 12885,2,STN2,Station 2,09:37,09:41,38,STN1,STN27
12885,Train 12885,3,STN3,Station 3,11:12,11:14,86,STN1,STN27
12885,Train 12885,4,STN4,Station 4,13:03,13:11,169,STN1,STN27
12885,Train 12885,5,STN5,Station 5,14:23,14:28,208,STN1,STN27
12885,Train 12885,6,STN6,Station 6,16:24,16:26,274,STN1,STN27
12885,Train 12885,7,STN7,Station 7,18:26,18:35,307,STN1,STN27
12885,Train 12885,8,STN8,Station 8,20:13,20:19,351,STN1,STN27
12885,Train 12885,9,STN9,Station 9,21:30,21:37,404,STN1,STN27
12885,Train 12885,10,STN10,Station 10,22:47,22:55,453,STN1,STN27
12885,Train 12885,11,STN11,Station 11,00:42,00:48,503,STN1,STN27
12885,Train 12885,12,STN12,Station 12,02:20,02:30,569,STN1,STN27
12885,Train 12885,13,STN13,Station 13,03:13,03:16,611,STN1,STN27
12885,Train 12885,14,STN14,Station 14,04:39,04:47,668,STN1,STN27
12885,Train 12885,15,STN15,Station 15,06:07,06:10,710,STN1,STN27
12885,Train 12885,16,STN16,Station 16,06:54,06:59,776,STN1,STN27
12885,Train 12885,17,STN17,Station 17,08:43,08:53,853,STN1,STN27
12885,Train 12885,18,STN18,Station 18,09:45,09:55,932,STN1,STN27
12885,Train 12885,19,STN19,Station 19,11:22,11:28,1006,STN1,STN27
12885,Train 12885,20,STN20,Station 20,13:06,13:14,1059,STN1,STN27
12885,Train 12885,21,STN21,Station 21,14:12,14:19,1116,STN1,STN27
12885,Train 12885,22,STN22,Station 22,15:23,15:28,1194,STN1,STN27
12885,Train 12885,23,STN23,Station 23,16:46,16:48,1243,STN1,STN27
12885,Train 12885,24,STN24,Station 24,17:51,17:53,1285,STN1,STN27
12885,Train 12885,25,STN25,Station 25,19:36,19:43,1338,STN1,STN27
12885,Train 12885,26,STN26,Station 26,20:35,20:38,1410,STN1,STN27
12885,Train 12885,27,STN27,Station 27,21:21,00:00,1465,STN1,STN27
19033,Train 19033,1,STN1,Station 1,00:00,08:08,0,STN1,STN24
19033,Train 19033,2,STN2,Station 2,10:05,10:13,50,STN1,STN24
19033,Train 19033,3,STN3,Station 3,11:27,11:31,121,STN1,STN24
19033,Train 19033,4,STN4,Station 4,12:17,12:20,182,STN1,STN24
19033,Train 19033,5,STN5,Station 5,13:40,13:46,265,STN1,STN24
19033,Train 19033,6,STN6,Station 6,15:03,15:11,340,STN1,STN24
19033,Train 19033,7,STN7,Station 7,16:18,16:27,398,STN1,STN24
19033,Train 19033,8,STN8,Station 8,17:12,17:15,464,STN1,STN24
19033,Train 19033,9,STN9,Station 9,18:19,18:26,540,STN1,STN24
19033,Train 19033,10,STN10,Station 10,20:01,20:08,615,STN1,STN24
19033,Train 19033,11,STN11,Station 11,21:31,21:41,666,STN1,STN24
19033,Train 19033,12,STN12,Station 12,22:45,22:49,751,STN1,STN24
19033,Train 19033,13,STN13,Station 13,00:23,00:27,790,STN1,STN24
19033,Train 19033,14,STN14,Station 14,01:10,01:16,839,STN1,STN24
19033,Train 19033,15,STN15,Station 15,02:38,02:45,900,STN1,STN24
19033,Train 19033,16,STN16,Station 16,03:41,03:49,930,STN1,STN24
19033,Train 19033,17,STN17,Station 17,05:17,05:20,987,STN1,STN24
19033,Train 19033,18,STN18,Station 18,07:08,07:12,1024,STN1,STN24
19033,Train 19033,19,STN19,Station 19,08:23,08:28,1059,STN1,STN24
19033,Train 19033,20,STN20,Station 20,09:29,09:31,1124,STN1,STN24
19033,Train 19033,21,STN21,Station 21,10:19,10:24,1170,STN1,STN24
19033,Train 19033,22,STN22,Station 22,12:13,12:15,1212,STN1,STN24
19033,Train 19033,23,STN23,Station 23,13:04,13:13,1307,STN1,STN24
19033,Train 19033,24,STN24,Station 24,15:08,00:00,1382,STN1,STN24
17808,Train 17808,1,STN1,Station 1,00:00,08:07,0,STN1,STN21
17808,Train 17808,2,STN2,Station 2,09:30,09:34,41,STN1,STN21
17808,Train 17808,3,STN3,Station 3,11:21,11:26,136,STN1,STN21
17808,Train 17808,4,STN4,Station 4,12:44,12:54,217,STN1,STN21
17808,Train 17808,5,STN5,Station 5,14:03,14:06,290,STN1,STN21
17808,Train 17808,6,STN6,Station 6,15:08,15:18,370,STN1,STN21
17808,Train 17808,7,STN7,Station 7,16:14,16:17,450,STN1,STN21
17808,Train 17808,8,STN8,Station 8,18:07,18:17,528,STN1,STN21
17808,Train 17808,9,STN9,Station 9,20:02,20:05,558,STN1,STN21
17808,Train 17808,10,STN10,Station 10,22:01,22:05,629,STN1,STN21
17808,Train 17808,11,STN11,Station 11,23:30,23:34,677,STN1,STN21
17808,Train 17808,12,STN12,Station 12,01:30,01:37,761,STN1,STN21
17808,Train 17808,13,STN13,Station 13,03:29,03:37,835,STN1,STN21
17808,Train 17808,14,STN14,Station 14,05:14,05:16,874,STN1,STN21
17808,Train 17808,15,STN15,Station 15,06:44,06:47,924,STN1,STN21
17808,Train 17808,16,STN16,Station 16,07:31,07:36,981,STN1,STN21
17808,Train 17808,17,STN17,Station 17,08:52,08:59,1028,STN1,STN21
17808,Train 17808,18,STN18,Station 18,09:49,09:58,1127,STN1,STN21
17808,Train 17808,19,STN19,Station 19,11:10,11:18,1188,STN1,STN21
17808,Train 17808,20,STN20,Station 20,13:01,13:09,1234,STN1,STN21
17808,Train 17808,21,STN21,Station 21,14:51,00:00,1280,STN1,STN21
19679,Train 19679,1,STN1,Station 1,00:00,08:04,0,STN1,STN13
19679,Train 19679,2,STN2,Station 2,09:39,09:41,81,STN1,STN13
19679,Train 19679,3,STN3,Station 3,11:19,11:29,169,STN1,STN13
19679,Train 19679,4,STN4,Station 4,13:22,13:25,251,STN1,STN13
19679,Train 19679,5,STN5,Station 5,14:26,14:28,348,STN1,STN13
19679,Train 19679,6,STN6,Station 6,15:57,16:03,433,STN1,STN13
19679,Train 19679,7,STN7,Station 7,16:56,17:03,505,STN1,STN13
19679,Train 19679,8,STN8,Station 8,18:09,18:15,591,STN1,STN13
19679,Train 19679,9,STN9,Station 9,20:03,20:07,645,STN1,STN13
19679,Train 19679,10,STN10,Station 10,21:06,21:09,719,STN1,STN13
19679,Train 19679,11,STN11,Station 11,22:18,22:26,781,STN1,STN13
19679,Train 19679,12,STN12,Station 12,23:25,23:32,850,STN1,STN13
19679,Train 19679,13,STN13,Station 13,00:51,00:00,914,STN1,STN13
16856,Train 16856,1,STN1,Station 1,00:00,08:07,0,STN1,STN13
16856,Train 16856,2,STN2,Station 2,08:51,08:57,58,STN1,STN13
16856,Train 16856,3,STN3,Station 3,10:28,10:36,129,STN1,STN13
16856,Train 16856,4,STN4,Station 4,11:38,11:41,200,STN1,STN13
16856,Train 16856,5,STN5,Station 5,12:33,12:39,239,STN1,STN13
16856,Train 16856,6,STN6,Station 6,14:11,14:14,280,STN1,STN13
16856,Train 16856,7,STN7,Station 7,16:09,16:18,349,STN1,STN13
16856,Train 16856,8,STN8,Station 8,17:12,17:21,406,STN1,STN13
16856,Train 16856,9,STN9,Station 9,18:35,18:45,505,STN1,STN13
16856,Train 16856,10,STN10,Station 10,19:27,19:34,568,STN1,STN13
16856,Train 16856,11,STN11,Station 11,20:51,20:53,613,STN1,STN13
16856,Train 16856,12,STN12,Station 12,22:52,22:59,677,STN1,STN13
16856,Train 16856,13,STN13,Station 13,00:05,00:00,729,STN1,STN13
14888,Train 14888,1,STN1,Station 1,00:00,08:05,0,STN1,STN24
14888,Train 14888,2,STN2,Station 2,09:57,10:01,81,STN1,STN24
14888,Train 14888,3,STN3,Station 3,11:05,11:09,133,STN1,STN24
14888,Train 14888,4,STN4,Station 4,12:10,12:18,171,STN1,STN24
14888,Train 14888,5,STN5,Station 5,13:30,13:34,221,STN1,STN24
14888,Train 14888,6,STN6,Station 6,14:55,15:01,261,STN1,STN24
14888,Train 14888,7,STN7,Station 7,16:56,16:58,318,STN1,STN24
14888,Train 14888,8,STN8,Station 8,18:01,18:07,372,STN1,STN24
14888,Train 14888,9,STN9,Station 9,19:57,19:59,442,STN1,STN24
14888,Train 14888,10,STN10,Station 10,21:22,21:29,529,STN1,STN24
14888,Train 14888,11,STN11,Station 11,22:14,22:24,606,STN1,STN24
14888,Train 14888,12,STN12,Station 12,00:02,00:04,643,STN1,STN24
14888,Train 14888,13,STN13,Station 13,00:47,00:50,684,STN1,STN24
14888,Train 14888,14,STN14,Station 14,01:54,01:58,747,STN1,STN24
14888,Train 14888,15,STN15,Station 15,03:28,03:31,793,STN1,STN24
14888,Train 14888,16,STN16,Station 16,04:30,04:37,841,STN1,STN24
14888,Train 14888,17,STN17,Station 17,06:06,06:16,899,STN1,STN24
14888,Train 14888,18,STN18,Station 18,07:21,07:24,963,STN1,STN24
14888,Train 14888,19,STN19,Station 19,09:21,09:28,1046,STN1,STN24
14888,Train 14888,20,STN20,Station 20,11:17,11:24,1082,STN1,STN24
14888,Train 14888,21,STN21,Station 21,12:17,12:27,1165,STN1,STN24
14888,Train 14888,22,STN22,Station 22,13:43,13:50,1215,STN1,STN24
14888,Train 14888,23,STN23,Station 23,15:13,15:17,1263,STN1,STN24
14888,Train 14888,24,STN24,Station 24,16:29,00:00,1299,STN1,STN24
15242,Train 15242,1,STN1,Station 1,00:00,08:07,0,STN1,STN23
15242,Train 15242,2,STN2,Station 2,08:48,08:54,91,STN1,STN23
15242,Train 15242,3,STN3,Station 3,10:49,10:58,130,STN1,STN23
15242,Train 15242,4,STN4,Station 4,12:48,12:52,224,STN1,STN23
15242,Train 15242,5,STN5,Station 5,13:57,14:05,290,STN1,STN23
15242,Train 15242,6,STN6,Station 6,15:56,16:06,385,STN1,STN23
15242,Train 15242,7,STN7,Station 7,17:17,17:21,482,STN1,STN23
15242,Train 15242,8,STN8,Station 8,19:07,19:09,572,STN1,STN23
15242,Train 15242,9,STN9,Station 9,20:00,20:04,606,STN1,STN23
15242,Train 15242,10,STN10,Station 10,21:51,21:55,678,STN1,STN23
15242,Train 15242,11,STN11,Station 11,23:35,23:38,719,STN1,STN23
15242,Train 15242,12,STN12,Station 12,00:54,01:03,765,STN1,STN23
15242,Train 15242,13,STN13,Station 13,01:46,01:52,797,STN1,STN23
15242,Train 15242,14,STN14,Station 14,02:34,02:44,859,STN1,STN23
15242,Train 15242,15,STN15,Station 15,04:40,04:46,957,STN1,STN23
15242,Train 15242,16,STN16,Station 16,06:21,06:26,1031,STN1,STN23
15242,Train 15242,17,STN17,Station 17,08:17,08:25,1108,STN1,STN23
15242,Train 15242,18,STN18,Station 18,09:32,09:35,1198,STN1,STN23
15242,Train 15242,19,STN19,Station 19,10:49,10:53,1291,STN1,STN23
15242,Train 15242,20,STN20,Station 20,11:59,12:06,1363,STN1,STN23
15242,Train 15242,21,STN21,Station 21,13:13,13:18,1462,STN1,STN23
15242,Train 15242,22,STN22,Station 22,15:03,15:06,1531,STN1,STN23
15242,Train 15242,23,STN23,Station 23,16:19,00:00,1628,STN1,STN23
17760,Train 17760,1,STN1,Station 1,00:00,08:02,0,STN1,STN30
17760,Train 17760,2,STN2,Station 2,09:21,09:28,41,STN1,STN30
17760,Train 17760,3,STN3,Station 3,11:07,11:16,92,STN1,STN30
17760,Train 17760,4,STN4,Station 4,12:10,12:18,136,STN1,STN30
17760,Train 17760,5,STN5,Station 5,14:06,14:08,202,STN1,STN30
17760,Train 17760,6,STN6,Station 6,16:01,16:06,292,STN1,STN30
17760,Train 17760,7,STN7,Station 7,17:52,17:54,352,STN1,STN30
17760,Train 17760,8,STN8,Station 8,19:05,19:08,435,STN1,STN30
17760,Train 17760,9,STN9,Station 9,20:59,21:03,501,STN1,STN30
17760,Train 17760,10,STN10,Station 10,21:44,21:51,581,STN1,STN30
17760,Train 17760,11,STN11,Station 11,23:19,23:29,652,STN1,STN30
17760,Train 17760,12,STN12,Station 12,00:44,00:52,736,STN1,STN30
17760,Train 17760,13,STN13,Station 13,02:36,02:42,834,STN1,STN30
17760,Train 17760,14,STN14,Station 14,03:48,03:57,884,STN1,STN30
17760,Train 17760,15,STN15,Station 15,04:57,05:04,966,STN1,STN30
17760,Train 17760,16,STN16,Station 16,06:16,06:25,1055,STN1,STN30
17760,Train 17760,17,STN17,Station 17,07:44,07:53,1153,STN1,STN30
17760,Train 17760,18,STN18,Station 18,08:35,08:39,1250,STN1,STN30
17760,Train 17760,19,STN19,Station 19,09:38,09:46,1347,STN1,STN30
17760,Train 17760,20,STN20,Station 20,11:30,11:40,1399,STN1,STN30
17760,Train 17760,21,STN21,Station 21,13:38,13:40,1472,STN1,STN30
17760,Train 17760,22,STN22,Station 22,15:11,15:14,1542,STN1,STN30
17760,Train 17760,23,STN23,Station 23,16:44,16:51,1617,STN1,STN30
17760,Train 17760,24,STN24,Station 24,18:19,18:27,1702,STN1,STN30
17760,Train 17760,25,STN25,Station 25,19:07,19:17,1780,STN1,STN30
17760,Train 17760,26,STN26,Station 26,21:11,21:21,1877,STN1,STN30
17760,Train 17760,27,STN27,Station 27,22:53,22:56,1955,STN1,STN30
17760,Train 17760,28,STN28,Station 28,00:00,00:07,2028,STN1,STN30
17760,Train 17760,29,STN29,Station 29,01:17,01:24,2076,STN1,STN30
17760,Train 17760,30,STN30,Station 30,02:30,00:00,2149,STN1,STN30
18826,Train 18826,1,STN1,Station 1,00:00,08:07,0,STN1,STN22
18826,Train 18826,2,STN2,Station 2,08:53,09:01,93,STN1,STN22
18826,Train 18826,3,STN3,Station 3,09:57,10:03,187,STN1,STN22
18826,Train 18826,4,STN4,Station 4,11:18,11:26,271,STN1,STN22
18826,Train 18826,5,STN5,Station 5,12:49,12:57,305,STN1,STN22
18826,Train 18826,6,STN6,Station 6,13:56,14:01,400,STN1,STN22
18826,Train 18826,7,STN7,Station 7,15:25,15:33,490,STN1,STN22
18826,Train 18826,8,STN8,Station 8,16:32,16:35,558,STN1,STN22
18826,Train 18826,9,STN9,Station 9,18:17,18:26,621,STN1,STN22
18826,Train 18826,10,STN10,Station 10,20:24,20:31,663,STN1,STN22
18826,Train 18826,11,STN11,Station 11,21:21,21:24,711,STN1,STN22
18826,Train 18826,12,STN12,Station 12,23:10,23:16,752,STN1,STN22
18826,Train 18826,13,STN13,Station 13,00:07,00:09,797,STN1,STN22
18826,Train 18826,14,STN14,Station 14,01:32,01:35,829,STN1,STN22
18826,Train 18826,15,STN15,Station 15,03:27,03:33,885,STN1,STN22
18826,Train 18826,16,STN16,Station 16,04:13,04:17,947,STN1,STN22
18826,Train 18826,17,STN17,Station 17,05:04,05:12,1003,STN1,STN22
18826,Train 18826,18,STN18,Station 18,06:11,06:13,1064,STN1,STN22
18826,Train 18826,19,STN19,Station 19,07:17,07:22,1156,STN1,STN22
18826,Train 18826,20,STN20,Station 20,08:33,08:39,1187,STN1,STN22
18826,Train 18826,21,STN21,Station 21,09:47,09:54,1287,STN1,STN22
18826,Train 18826,22,STN22,Station 22,11:28,00:00,1382,STN1,STN22
13863,Train 13863,1,STN1,Station 1,00:00,08:07,0,STN1,STN18
13863,Train 13863,2,STN2,Station 2,09:27,09:31,55,STN1,STN18
13863,Train 13863,3,STN3,Station 3,10:52,10:54,122,STN1,STN18
13863,Train 13863,4,STN4,Station 4,12:39,12:41,167,STN1,STN18
13863,Train 13863,5,STN5,Station 5,13:40,13:47,197,STN1,STN18
13863,Train 13863,6,STN6,Station 6,14:31,14:40,272,STN1,STN18
13863,Train 13863,7,STN7,Station 7,15:50,15:54,362,STN1,STN18
13863,Train 13863,8,STN8,Station 8,17:22,17:31,407,STN1,STN18
13863,Train 13863,9,STN9,Station 9,18:22,18:26,470,STN1,STN18
13863,Train 13863,10,STN10,Station 10,19:53,20:01,513,STN1,STN18
13863,Train 13863,11,STN11,Station 11,20:43,20:51,586,STN1,STN18
13863,Train 13863,12,STN12,Station 12,21:58,22:00,616,STN1,STN18
13863,Train 13863,13,STN13,Station 13,23:18,23:23,647,STN1,STN18
13863,Train 13863,14,STN14,Station 14,01:15,01:18,705,STN1,STN18
13863,Train 13863,15,STN15,Station 15,02:18,02:28,799,STN1,STN18
13863,Train 13863,16,STN16,Station 16,03:35,03:38,875,STN1,STN18
13863,Train 13863,17,STN17,Station 17,04:43,04:45,936,STN1,STN18
13863,Train 13863,18,STN18,Station 18,05:49,00:00,1025,STN1,STN18
20993,Train 20993,1,STN1,Station 1,00:00,08:03,0,STN1,STN13
20993,Train 20993,2,STN2,Station 2,09:08,09:13,54,STN1,STN13
20993,Train 20993,3,STN3,Station 3,11:08,11:14,116,STN1,STN13
20993,Train 20993,4,STN4,Station 4,12:27,12:34,180,STN1,STN13
20993,Train 20993,5,STN5,Station 5,13:21,13:26,237,STN1,STN13
20993,Train 20993,6,STN6,Station 6,14:16,14:26,314,STN1,STN13
20993,Train 20993,7,STN7,Station 7,15:27,15:37,380,STN1,STN13
20993,Train 20993,8,STN8,Station 8,17:33,17:43,441,STN1,STN13
20993,Train 20993,9,STN9,Station 9,19:28,19:30,496,STN1,STN13
20993,Train 20993,10,STN10,Station 10,21:16,21:25,529,STN1,STN13
20993,Train 20993,11,STN11,Station 11,22:12,22:19,612,STN1,STN13
20993,Train 20993,12,STN12,Station 12,23:40,23:45,709,STN1,STN13
20993,Train 20993,13,STN13,Station 13,00:49,00:00,777,STN1,STN13
11267,Train 11267,1,STN1,Station 1,00:00,08:07,0,STN1,STN16
11267,Train 11267,2,STN2,Station 2,10:02,10:10,72,STN1,STN16
11267,Train 11267,3,STN3,Station 3,11:28,11:36,107,STN1,STN16
11267,Train 11267,4,STN4,Station 4,12:49,12:54,194,STN1,STN16
11267,Train 11267,5,STN5,Station 5,14:19,14:27,264,STN1,STN16
11267,Train 11267,6,STN6,Station 6,15:14,15:16,326,STN1,STN16
11267,Train 11267,7,STN7,Station 7,16:18,16:27,404,STN1,STN16
11267,Train 11267,8,STN8,Station 8,18:11,18:20,455,STN1,STN16
11267,Train 11267,9,STN9,Station 9,19:04,19:10,499,STN1,STN16
11267,Train 11267,10,STN10,Station 10,20:39,20:43,588,STN1,STN16
11267,Train 11267,11,STN11,Station 11,21:36,21:40,677,STN1,STN16
11267,Train 11267,12,STN12,Station 12,23:40,23:48,760,STN1,STN16
11267,Train 11267,13,STN13,Station 13,01:04,01:14,794,STN1,STN16
11267,Train 11267,14,STN14,Station 14,02:41,02:46,893,STN1,STN16
11267,Train 11267,15,STN15,Station 15,04:09,04:12,962,STN1,STN16
11267,Train 11267,16,STN16,Station 16,05:50,00:00,999,STN1,STN16
18118,Train 18118,1,STN1,Station 1,00:00,08:03,0,STN1,STN27
18118,Train 18118,2,STN2,Station 2,09:53,10:02,71,STN1,STN27
18118,Train 18118,3,STN3,Station 3,10:48,10:56,116,STN1,STN27
18118,Train 18118,4,STN4,Station 4,11:43,11:52,165,STN1,STN27
18118,Train 18118,5,STN5,Station 5,13:05,13:12,205,STN1,STN27
18118,Train 18118,6,STN6,Station 6,14:28,14:36,247,STN1,STN27
18118,Train 18118,7,STN7,Station 7,15:31,15:41,316,STN1,STN27
18118,Train 18118,8,STN8,Station 8,17:33,17:42,364,STN1,STN27
18118,Train 18118,9,STN9,Station 9,18:52,18:56,399,STN1,STN27
18118,Train 18118,10,STN10,Station 10,20:10,20:12,492,STN1,STN27
18118,Train 18118,11,STN11,Station 11,21:11,21:16,538,STN1,STN27
18118,Train 18118,12,STN12,Station 12,22:33,22:40,602,STN1,STN27
18118,Train 18118,13,STN13,Station 13,23:35,23:45,697,STN1,STN27
18118,Train 18118,14,STN14,Station 14,01:38,01:47,735,STN1,STN27
18118,Train 18118,15,STN15,Station 15,02:34,02:37,796,STN1,STN27
18118,Train 18118,16,STN16,Station 16,04:15,04:25,853,STN1,STN27
18118,Train 18118,17,STN17,Station 17,05:47,05:57,900,STN1,STN27
18118,Train 18118,18,STN18,Station 18,07:42,07:45,936,STN1,STN27
18118,Train 18118,19,STN19,Station 19,09:37,09:39,1033,STN1,STN27
18118,Train 18118,20,STN20,Station 20,11:36,11:45,1084,STN1,STN27
18118,Train 18118,21,STN21,Station 21,13:41,13:51,1140,STN1,STN27
18118,Train 18118,22,STN22,Station 22,15:37,15:45,1211,STN1,STN27
18118,Train 18118,23,STN23,Station 23,16:41,16:44,1245,STN1,STN27
18118,Train 18118,24,STN24,Station 24,18:06,18:15,1277,STN1,STN27
18118,Train 18118,25,STN25,Station 25,19:28,19:37,1325,STN1,STN27
18118,Train 18118,26,STN26,Station 26,21:20,21:30,1418,STN1,STN27
18118,Train 18118,27,STN27,Station 27,23:19,00:00,1503,STN1,STN27
19088,Train 19088,1,STN1,Station 1,00:00,08:02,0,STN1,STN16
19088,Train 19088,2,STN2,Station 2,09:08,09:10,40,STN1,STN16
19088,Train 19088,3,STN3,Station 3,09:57,10:06,130,STN1,STN16
19088,Train 19088,4,STN4,Station 4,11:53,12:01,177,STN1,STN16
19088,Train 19088,5,STN5,Station 5,13:29,13:35,222,STN1,STN16
19088,Train 19088,6,STN6,Station 6,15:34,15:37,314,STN1,STN16
19088,Train 19088,7,STN7,Station 7,16:51,17:00,407,STN1,STN16
19088,Train 19088,8,STN8,Station 8,17:57,17:59,457,STN1,STN16
19088,Train 19088,9,STN9,Station 9,19:29,19:37,554,STN1,STN16
19088,Train 19088,10,STN10,Station 10,21:12,21:18,636,STN1,STN16
19088,Train 19088,11,STN11,Station 11,22:39,22:49,730,STN1,STN16
19088,Train 19088,12,STN12,Station 12,00:13,00:16,810,STN1,STN16
19088,Train 19088,13,STN13,Station 13,02:08,02:10,877,STN1,STN16
19088,Train 19088,14,STN14,Station 14,04:03,04:07,954,STN1,STN16
19088,Train 19088,15,STN15,Station 15,05:14,05:17,1048,STN1,STN16
19088,Train 19088,16,STN16,Station 16,06:51,00:00,1148,STN1,STN16
14087,Train 14087,1,STN1,Station 1,00:00,08:08,0,STN1,STN30
14087,Train 14087,2,STN2,Station 2,08:52,08:55,71,STN1,STN30
14087,Train 14087,3,STN3,Station 3,09:55,09:59,152,STN1,STN30
14087,Train 14087,4,STN4,Station 4,10:59,11:07,222,STN1,STN30
14087,Train 14087,5,STN5,Station 5,12:05,12:11,263,STN1,STN30
14087,Train 14087,6,STN6,Station 6,12:57,13:01,359,STN1,STN30
14087,Train 14087,7,STN7,Station 7,14:00,14:10,389,STN1,STN30
14087,Train 14087,8,STN8,Station 8,15:07,15:11,443,STN1,STN30
14087,Train 14087,9,STN9,Station 9,15:55,16:02,506,STN1,STN30
14087,Train 14087,10,STN10,Station 10,17:52,17:59,579,STN1,STN30
14087,Train 14087,11,STN11,Station 11,19:08,19:10,619,STN1,STN30
14087,Train 14087,12,STN12,Station 12,20:56,21:05,677,STN1,STN30
14087,Train 14087,13,STN13,Station 13,21:57,22:02,739,STN1,STN30
14087,Train 14087,14,STN14,Station 14,23:50,23:57,808,STN1,STN30
14087,Train 14087,15,STN15,Station 15,01:52,02:00,886,STN1,STN30
14087,Train 14087,16,STN16,Station 16,03:58,04:07,943,STN1,STN30
14087,Train 14087,17,STN17,Station 17,05:53,06:03,987,STN1,STN30
14087,Train 14087,18,STN18,Station 18,08:01,08:09,1028,STN1,STN30
14087,Train 14087,19,STN19,Station 19,09:39,09:42,1117,STN1,STN30
14087,Train 14087,20,STN20,Station 20,10:23,10:30,1155,STN1,STN30
14087,Train 14087,21,STN21,Station 21,11:56,12:01,1251,STN1,STN30
14087,Train 14087,22,STN22,Station 22,13:40,13:47,1314,STN1,STN30
14087,Train 14087,23,STN23,Station 23,14:42,14:49,1357,STN1,STN30
14087,Train 14087,24,STN24,Station 24,16:13,16:23,1410,STN1,STN30
14087,Train 14087,25,STN25,Station 25,18:07,18:11,1449,STN1,STN30
14087,Train 14087,26,STN26,Station 26,19:35,19:37,1486,STN1,STN30
14087,Train 14087,27,STN27,Station 27,20:53,20:58,1529,STN1,STN30
14087,Train 14087,28,STN28,Station 28,22:22,22:24,1617,STN1,STN30
14087,Train 14087,29,STN29,Station 29,23:05,23:15,1671,STN1,STN30
14087,Train 14087,30,STN30,Station 30,01:03,00:00,1716,STN1,STN30
16225,Train 16225,1,STN1,Station 1,00:00,08:05,0,STN1,STN26
16225,Train 16225,2,STN2,Station 2,09:20,09:24,100,STN1,STN26
16225,Train 16225,3,STN3,Station 3,10:08,10:17,172,STN1,STN26
16225,Train 16225,4,STN4,Station 4,12:11,12:13,205,STN1,STN26
16225,Train 16225,5,STN5,Station 5,13:51,14:00,296,STN1,STN26
16225,Train 16225,6,STN6,Station 6,15:40,15:47,366,STN1,STN26
16225,Train 16225,7,STN7,Station 7,17:06,17:10,466,STN1,STN26
16225,Train 16225,8,STN8,Station 8,18:50,18:54,498,STN1,STN26
16225,Train 16225,9,STN9,Station 9,20:34,20:42,576,STN1,STN26
16225,Train 16225,10,STN10,Station 10,22:33,22:42,617,STN1,STN26
16225,Train 16225,11,STN11,Station 11,00:17,00:25,715,STN1,STN26
16225,Train 16225,12,STN12,Station 12,01:12,01:18,767,STN1,STN26
16225,Train 16225,13,STN13,Station 13,03:03,03:08,856,STN1,STN26
16225,Train 16225,14,STN14,Station 14,04:49,04:56,907,STN1,STN26
16225,Train 16225,15,STN15,Station 15,06:36,06:39,956,STN1,STN26
16225,Train 16225,16,STN16,Station 16,07:26,07:32,1024,STN1,STN26
16225,Train 16225,17,STN17,Station 17,09:28,09:34,1088,STN1,STN26
16225,Train 16225,18,STN18,Station 18,11:07,11:15,1164,STN1,STN26
16225,Train 16225,19,STN19,Station 19,12:07,12:13,1244,STN1,STN26
16225,Train 16225,20,STN20,Station 20,13:22,13:24,1324,STN1,STN26
16225,Train 16225,21,STN21,Station 21,14:55,14:58,1398,STN1,STN26
16225,Train 16225,22,STN22,Station 22,16:25,16:27,1436,STN1,STN26
16225,Train 16225,23,STN23,Station 23,17:49,17:56,1509,STN1,STN26
16225,Train 16225,24,STN24,Station 24,19:09,19:19,1556,STN1,STN26
16225,Train 16225,25,STN25,Station 25,21:08,21:13,1639,STN1,STN26
16225,Train 16225,26,STN26,Station 26,23:12,00:00,1683,STN1,STN26
14978,Train 14978,1,STN1,Station 1,00:00,08:02,0,STN1,STN28
14978,Train 14978,2,STN2,Station 2,09:21,09:25,68,STN1,STN28
14978,Train 14978,3,STN3,Station 3,10:08,10:14,120,STN1,STN28
14978,Train 14978,4,STN4,Station 4,11:40,11:47,206,STN1,STN28
14978,Train 14978,5,STN5,Station 5,13:07,13:16,260,STN1,STN28
14978,Train 14978,6,STN6,Station 6,15:09,15:18,346,STN1,STN28
14978,Train 14978,7,STN7,Station 7,17:04,17:14,387,STN1,STN28
14978,Train 14978,8,STN8,Station 8,18:49,18:59,459,STN1,STN28
14978,Train 14978,9,STN9,Station 9,20:18,20:22,543,STN1,STN28
14978,Train 14978,10,STN10,Station 10,21:36,21:41,595,STN1,STN28
14978,Train 14978,11,STN11,Station 11,23:34,23:41,626,STN1,STN28
14978,Train 14978,12,STN12,Station 12,01:14,01:21,679,STN1,STN28
14978,Train 14978,13,STN13,Station 13,02:20,02:22,736,STN1,STN28
14978,Train 14978,14,STN14,Station 14,04:09,04:18,767,STN1,STN28
14978,Train 14978,15,STN15,Station 15,06:04,06:14,841,STN1,STN28
14978,Train 14978,16,STN16,Station 16,08:02,08:05,915,STN1,STN28
14978,Train 14978,17,STN17,Station 17,09:36,09:43,955,STN1,STN28
14978,Train 14978,18,STN18,Station 18,11:21,11:29,1051,STN1,STN28
14978,Train 14978,19,STN19,Station 19,12:37,12:47,1097,STN1,STN28
14978,Train 14978,20,STN20,Station 20,14:26,14:28,1161,STN1,STN28
14978,Train 14978,21,STN21,Station 21,16:05,16:13,1199,STN1,STN28
14978,Train 14978,22,STN22,Station 22,18:08,18:14,1261,STN1,STN28
14978,Train 14978,23,STN23,Station 23,19:04,19:06,1301,STN1,STN28
14978,Train 14978,24,STN24,Station 24,20:20,20:22,1365,STN1,STN28
14978,Train 14978,25,STN25,Station 25,22:21,22:26,1417,STN1,STN28
14978,Train 14978,26,STN26,Station 26,23:29,23:31,1496,STN1,STN28
14978,Train 14978,27,STN27,Station 27,00:32,00:40,1566,STN1,STN28
14978,Train 14978,28,STN28,Station 28,01:38,00:00,1629,STN1,STN28
21621,Train 21621,1,STN1,Station 1,00:00,08:02,0,STN1,STN17
21621,Train 21621,2,STN2,Station 2,09:30,09:35,42,STN1,STN17
21621,Train 21621,3,STN3,Station 3,11:03,11:05,83,STN1,STN17
21621,Train 21621,4,STN4,Station 4,12:46,12:50,116,STN1,STN17
21621,Train 21621,5,STN5,Station 5,13:36,13:41,195,STN1,STN17
21621,Train 21621,6,STN6,Station 6,14:51,14:55,262,STN1,STN17
21621,Train 21621,7,STN7,Station 7,15:55,16:04,318,STN1,STN17
21621,Train 21621,8,STN8,Station 8,17:33,17:40,410,STN1,STN17
21621,Train 21621,9,STN9,Station 9,18:56,18:59,443,STN1,STN17
21621,Train 21621,10,STN10,Station 10,20:46,20:49,517,STN1,STN17
21621,Train 21621,11,STN11,Station 11,22:45,22:49,582,STN1,STN17
21621,Train 21621,12,STN12,Station 12,00:28,00:33,623,STN1,STN17
21621,Train 21621,13,STN13,Station 13,01:37,01:44,679,STN1,STN17
21621,Train 21621,14,STN14,Station 14,03:31,03:41,747,STN1,STN17
21621,Train 21621,15,STN15,Station 15,05:25,05:30,804,STN1,STN17
21621,Train 21621,16,STN16,Station 16,06:17,06:21,904,STN1,STN17
21621,Train 21621,17,STN17,Station 17,07:14,00:00,940,STN1,STN17
20624,Train 20624,1,STN1,Station 1,00:00,08:05,0,STN1,STN14
20624,Train 20624,2,STN2,Station 2,09:44,09:52,31,STN1,STN14
20624,Train 20624,3,STN3,Station 3,11:05,11:08,90,STN1,STN14
20624,Train 20624,4,STN4,Station 4,11:56,11:58,134,STN1,STN14
20624,Train 20624,5,STN5,Station 5,13:26,13:28,225,STN1,STN14
20624,Train 20624,6,STN6,Station 6,14:39,14:43,320,STN1,STN14
20624,Train 20624,7,STN7,Station 7,16:30,16:34,372,STN1,STN14
20624,Train 20624,8,STN8,Station 8,17:25,17:33,407,STN1,STN14
20624,Train 20624,9,STN9,Station 9,18:59,19:06,482,STN1,STN14
20624,Train 20624,10,STN10,Station 10,19:59,20:01,576,STN1,STN14
20624,Train 20624,11,STN11,Station 11,21:54,22:00,606,STN1,STN14
20624,Train 20624,12,STN12,Station 12,23:24,23:26,662,STN1,STN14
20624,Train 20624,13,STN13,Station 13,00:44,00:47,702,STN1,STN14
20624,Train 20624,14,STN14,Station 14,02:09,00:00,750,STN1,STN14
12543,Train 12543,1,STN1,Station 1,00:00,08:06,0,STN1,STN25
12543,Train 12543,2,STN2,Station 2,09:53,09:56,44,STN1,STN25
12543,Train 12543,3,STN3,Station 3,10:54,11:04,89,STN1,STN25
12543,Train 12543,4,STN4,Station 4,12:22,12:30,121,STN1,STN25
12543,Train 12543,5,STN5,Station 5,13:22,13:30,171,STN1,STN25
12543,Train 12543,6,STN6,Station 6,14:33,14:38,241,STN1,STN25
12543,Train 12543,7,STN7,Station 7,15:39,15:45,298,STN1,STN25
12543,Train 12543,8,STN8,Station 8,17:00,17:10,380,STN1,STN25
12543,Train 12543,9,STN9,Station 9,18:58,19:00,435,STN1,STN25
12543,Train 12543,10,STN10,Station 10,20:27,20:30,485,STN1,STN25
12543,Train 12543,11,STN11,Station 11,22:27,22:32,585,STN1,STN25
12543,Train 12543,12,STN12,Station 12,00:22,00:30,625,STN1,STN25
12543,Train 12543,13,STN13,Station 13,02:09,02:12,720,STN1,STN25
12543,Train 12543,14,STN14,Station 14,03:41,03:46,767,STN1,STN25
12543,Train 12543,15,STN15,Station 15,05:13,05:15,864,STN1,STN25
12543,Train 12543,16,STN16,Station 16,06:15,06:17,920,STN1,STN25
12543,Train 12543,17,STN17,Station 17,07:05,07:14,984,STN1,STN25
12543,Train 12543,18,STN18,Station 18,08:13,08:22,1059,STN1,STN25
12543,Train 12543,19,STN19,Station 19,10:01,10:04,1134,STN1,STN25
12543,Train 12543,20,STN20,Station 20,10:44,10:51,1206,STN1,STN25
12543,Train 12543,21,STN21,Station 21,12:16,12:25,1287,STN1,STN25
12543,Train 12543,22,STN22,Station 22,14:04,14:14,1327,STN1,STN25
12543,Train 12543,23,STN23,Station 23,15:49,15:59,1366,STN1,STN25
12543,Train 12543,24,STN24,Station 24,17:52,17:55,1432,STN1,STN25
12543,Train 12543,25,STN25,Station 25,19:19,00:00,1500,STN1,STN25
20634,Train 20634,1,STN1,Station 1,00:00,08:02,0,STN1,STN10
20634,Train 20634,2,STN2,Station 2,09:39,09:49,87,STN1,STN10
20634,Train 20634,3,STN3,Station 3,11:30,11:35,167,STN1,STN10
20634,Train 20634,4,STN4,Station 4,12:40,12:47,250,STN1,STN10
20634,Train 20634,5,STN5,Station 5,13:59,14:06,302,STN1,STN10
20634,Train 20634,6,STN6,Station 6,15:12,15:15,347,STN1,STN10
20634,Train 20634,7,STN7,Station 7,16:37,16:45,384,STN1,STN10
20634,Train 20634,8,STN8,Station 8,18:35,18:44,459,STN1,STN10
20634,Train 20634,9,STN9,Station 9,19:34,19:41,538,STN1,STN10
20634,Train 20634,10,STN10,Station 10,20:52,00:00,632,STN1,STN10
11407,Train 11407,1,STN1,Station 1,00:00,08:09,0,STN1,STN16
11407,Train 11407,2,STN2,Station 2,09:10,09:13,80,STN1,STN16
11407,Train 11407,3,STN3,Station 3,10:33,10:43,179,STN1,STN16
11407,Train 11407,4,STN4,Station 4,11:24,11:28,211,STN1,STN16
11407,Train 11407,5,STN5,Station 5,12:19,12:23,310,STN1,STN16
11407,Train 11407,6,STN6,Station 6,13:38,13:47,392,STN1,STN16
11407,Train 11407,7,STN7,Station 7,15:15,15:24,447,STN1,STN16
11407,Train 11407,8,STN8,Station 8,16:20,16:27,518,STN1,STN16
11407,Train 11407,9,STN9,Station 9,18:27,18:30,592,STN1,STN16
11407,Train 11407,10,STN10,Station 10,19:56,19:58,648,STN1,STN16
11407,Train 11407,11,STN11,Station 11,21:44,21:50,717,STN1,STN16
11407,Train 11407,12,STN12,Station 12,22:50,22:56,754,STN1,STN16
11407,Train 11407,13,STN13,Station 13,00:14,00:17,800,STN1,STN16
11407,Train 11407,14,STN14,Station 14,02:11,02:20,896,STN1,STN16
11407,Train 11407,15,STN15,Station 15,03:43,03:50,977,STN1,STN16
11407,Train 11407,16,STN16,Station 16,05:37,00:00,1026,STN1,STN16
19184,Train 19184,1,STN1,Station 1,00:00,08:10,0,STN1,STN21
19184,Train 19184,2,STN2,Station 2,09:26,09:35,41,STN1,STN21
19184,Train 19184,3,STN3,Station 3,10:29,10:37,133,STN1,STN21
19184,Train 19184,4,STN4,Station 4,12:28,12:37,185,STN1,STN21
19184,Train 19184,5,STN5,Station 5,14:13,14:15,272,STN1,STN21
19184,Train 19184,6,STN6,Station 6,15:55,16:04,361,STN1,STN21
19184,Train 19184,7,STN7,Station 7,17:56,17:58,394,STN1,STN21
19184,Train 19184,8,STN8,Station 8,19:26,19:36,446,STN1,STN21
19184,Train 19184,9,STN9,Station 9,21:36,21:44,496,STN1,STN21
19184,Train 19184,10,STN10,Station 10,23:36,23:43,580,STN1,STN21
19184,Train 19184,11,STN11,Station 11,00:46,00:52,635,STN1,STN21
19184,Train 19184,12,STN12,Station 12,01:34,01:38,696,STN1,STN21
19184,Train 19184,13,STN13,Station 13,02:51,02:57,753,STN1,STN21
19184,Train 19184,14,STN14,Station 14,03:55,03:57,797,STN1,STN21
19184,Train 19184,15,STN15,Station 15,04:44,04:47,839,STN1,STN21
19184,Train 19184,16,STN16,Station 16,05:41,05:45,918,STN1,STN21
19184,Train 19184,17,STN17,Station 17,06:31,06:38,984,STN1,STN21
19184,Train 19184,18,STN18,Station 18,07:26,07:28,1026,STN1,STN21
19184,Train 19184,19,STN19,Station 19,08:41,08:43,1124,STN1,STN21
19184,Train 19184,20,STN20,Station 20,09:29,09:39,1174,STN1,STN21
19184,Train 19184,21,STN21,Station 21,11:16,00:00,1253,STN1,STN21
15602,Train 15602,1,STN1,Station 1,00:00,08:03,0,STN1,STN20
15602,Train 15602,2,STN2,Station 2,08:49,08:55,33,STN1,STN20
15602,Train 15602,3,STN3,Station 3,10:33,10:39,119,STN1,STN20
15602,Train 15602,4,STN4,Station 4,12:02,12:09,155,STN1,STN20
15602,Train 15602,5,STN5,Station 5,13:18,13:24,217,STN1,STN20
15602,Train 15602,6,STN6,Station 6,14:40,14:49,264,STN1,STN20
15602,Train 15602,7,STN7,Station 7,16:18,16:26,360,STN1,STN20
15602,Train 15602,8,STN8,Station 8,17:24,17:29,456,STN1,STN20
15602,Train 15602,9,STN9,Station 9,18:55,19:05,544,STN1,STN20
15602,Train 15602,10,STN10,Station 10,20:29,20:37,644,STN1,STN20
15602,Train 15602,11,STN11,Station 11,21:45,21:51,707,STN1,STN20
15602,Train 15602,12,STN12,Station 12,23:01,23:04,803,STN1,STN20
15602,Train 15602,13,STN13,Station 13,00:13,00:15,866,STN1,STN20
15602,Train 15602,14,STN14,Station 14,01:33,01:38,908,STN1,STN20
15602,Train 15602,15,STN15,Station 15,03:30,03:40,1005,STN1,STN20
15602,Train 15602,16,STN16,Station 16,05:22,05:24,1061,STN1,STN20
15602,Train 15602,17,STN17,Station 17,06:13,06:22,1158,STN1,STN20
15602,Train 15602,18,STN18,Station 18,07:56,08:02,1253,STN1,STN20
15602,Train 15602,19,STN19,Station 19,09:41,09:44,1310,STN1,STN20
15602,Train 15602,20,STN20,Station 20,11:26,00:00,1350,STN1,STN20
17639,Train 17639,1,STN1,Station 1,00:00,08:02,0,STN1,STN27
17639,Train 17639,2,STN2,Station 2,09:20,09:28,72,STN1,STN27
17639,Train 17639,3,STN3,Station 3,10:21,10:31,133,STN1,STN27
17639,Train 17639,4,STN4,Station 4,11:39,11:48,218,STN1,STN27
17639,Train 17639,5,STN5,Station 5,13:13,13:22,299,STN1,STN27
17639,Train 17639,6,STN6,Station 6,14:29,14:38,378,STN1,STN27
17639,Train 17639,7,STN7,Station 7,15:30,15:33,436,STN1,STN27
17639,Train 17639,8,STN8,Station 8,16:51,17:01,489,STN1,STN27
17639,Train 17639,9,STN9,Station 9,18:06,18:14,545,STN1,STN27
17639,Train 17639,10,STN10,Station 10,19:55,19:58,619,STN1,STN27
17639,Train 17639,11,STN11,Station 11,21:30,21:37,651,STN1,STN27
17639,Train 17639,12,STN12,Station 12,23:07,23:09,712,STN1,STN27
17639,Train 17639,13,STN13,Station 13,00:05,00:11,743,STN1,STN27
17639,Train 17639,14,STN14,Station 14,02:07,02:11,843,STN1,STN27
17639,Train 17639,15,STN15,Station 15,02:57,03:04,878,STN1,STN27
17639,Train 17639,16,STN16,Station 16,04:56,05:02,953,STN1,STN27
17639,Train 17639,17,STN17,Station 17,06:42,06:46,995,STN1,STN27
17639,Train 17639,18,STN18,Station 18,08:29,08:35,1025,STN1,STN27
17639,Train 17639,19,STN19,Station 19,09:17,09:27,1121,STN1,STN27
17639,Train 17639,20,STN20,Station 20,10:57,11:00,1169,STN1,STN27
17639,Train 17639,21,STN21,Station 21,12:33,12:41,1266,STN1,STN27
17639,Train 17639,22,STN22,Station 22,14:00,14:03,1330,STN1,STN27
17639,Train 17639,23,STN23,Station 23,15:01,15:05,1381,STN1,STN27
17639,Train 17639,24,STN24,Station 24,16:56,17:05,1422,STN1,STN27
17639,Train 17639,25,STN25,Station 25,17:46,17:52,1505,STN1,STN27
17639,Train 17639,26,STN26,Station 26,19:46,19:53,1539,STN1,STN27
17639,Train 17639,27,STN27,Station 27,21:31,00:00,1598,STN1,STN27
18275,Train 18275,1,STN1,Station 1,00:00,08:05,0,STN1,STN22
18275,Train 18275,2,STN2,Station 2,09:56,10:03,48,STN1,STN22
18275,Train 18275,3,STN3,Station 3,11:56,12:04,101,STN1,STN22
18275,Train 18275,4,STN4,Station 4,13:49,13:54,195,STN1,STN22
18275,Train 18275,5,STN5,Station 5,14:49,14:59,249,STN1,STN22
18275,Train 18275,6,STN6,Station 6,16:05,16:09,323,STN1,STN22
18275,Train 18275,7,STN7,Station 7,17:32,17:35,361,STN1,STN22
18275,Train 18275,8,STN8,Station 8,18:18,18:22,395,STN1,STN22
18275,Train 18275,9,STN9,Station 9,19:31,19:36,487,STN1,STN22
18275,Train 18275,10,STN10,Station 10,20:54,21:00,539,STN1,STN22
18275,Train 18275,11,STN11,Station 11,22:19,22:21,572,STN1,STN22
18275,Train 18275,12,STN12,Station 12,00:10,00:14,638,STN1,STN22
18275,Train 18275,13,STN13,Station 13,01:21,01:26,720,STN1,STN22
18275,Train 18275,14,STN14,Station 14,02:49,02:55,784,STN1,STN22
18275,Train 18275,15,STN15,Station 15,04:51,04:58,814,STN1,STN22
18275,Train 18275,16,STN16,Station 16,05:56,06:00,845,STN1,STN22
18275,Train 18275,17,STN17,Station 17,07:58,08:02,921,STN1,STN22
18275,Train 18275,18,STN18,Station 18,09:36,09:40,1003,STN1,STN22
18275,Train 18275,19,STN19,Station 19,10:45,10:51,1064,STN1,STN22
18275,Train 18275,20,STN20,Station 20,11:33,11:43,1164,STN1,STN22
18275,Train 18275,21,STN21,Station 21,13:21,13:24,1250,STN1,STN22
18275,Train 18275,22,STN22,Station 22,14:48,00:00,1341,STN1,STN22
12662,Train 12662,1,STN1,Station 1,00:00,08:03,0,STN1,STN12
12662,Train 12662,2,STN2,Station 2,10:03,10:11,36,STN1,STN12
12662,Train 12662,3,STN3,Station 3,11:20,11:25,94,STN1,STN12
12662,Train 12662,4,STN4,Station 4,12:10,12:16,180,STN1,STN12
12662,Train 12662,5,STN5,Station 5,13:46,13:55,212,STN1,STN12
12662,Train 12662,6,STN6,Station 6,15:54,16:04,304,STN1,STN12
12662,Train 12662,7,STN7,Station 7,17:54,18:00,383,STN1,STN12
12662,Train 12662,8,STN8,Station 8,19:19,19:29,413,STN1,STN12
12662,Train 12662,9,STN9,Station 9,21:10,21:20,492,STN1,STN12
12662,Train 12662,10,STN10,Station 10,22:45,22:52,571,STN1,STN12
12662,Train 12662,11,STN11,Station 11,00:03,00:07,634,STN1,STN12
12662,Train 12662,12,STN12,Station 12,01:11,00:00,683,STN1,STN12
15387,Train 15387,1,STN1,Station 1,00:00,08:05,0,STN1,STN10
15387,Train 15387,2,STN2,Station 2,09:43,09:50,46,STN1,STN10
15387,Train 15387,3,STN3,Station 3,11:03,11:05,83,STN1,STN10
15387,Train 15387,4,STN4,Station 4,12:48,12:57,138,STN1,STN10
15387,Train 15387,5,STN5,Station 5,13:54,13:59,234,STN1,STN10
15387,Train 15387,6,STN6,Station 6,15:45,15:54,268,STN1,STN10
15387,Train 15387,7,STN7,Station 7,16:53,17:02,339,STN1,STN10
15387,Train 15387,8,STN8,Station 8,18:45,18:47,372,STN1,STN10
15387,Train 15387,9,STN9,Station 9,19:32,19:34,471,STN1,STN10
15387,Train 15387,10,STN10,Station 10,20:37,00:00,544,STN1,STN10
16281,Train 16281,1,STN1,Station 1,00:00,08:10,0,STN1,STN21
16281,Train 16281,2,STN2,Station 2,10:00,10:07,99,STN1,STN21
16281,Train 16281,3,STN3,Station 3,12:03,12:09,150,STN1,STN21
16281,Train 16281,4,STN4,Station 4,13:27,13:36,235,STN1,STN21
16281,Train 16281,5,STN5,Station 5,15:03,15:10,315,STN1,STN21
16281,Train 16281,6,STN6,Station 6,17:04,17:08,396,STN1,STN21
16281,Train 16281,7,STN7,Station 7,17:53,17:56,437,STN1,STN21
16281,Train 16281,8,STN8,Station 8,19:43,19:52,486,STN1,STN21
16281,Train 16281,9,STN9,Station 9,21:47,21:51,559,STN1,STN21
16281,Train 16281,10,STN10,Station 10,22:59,23:05,595,STN1,STN21
16281,Train 16281,11,STN11,Station 11,00:27,00:37,691,STN1,STN21
16281,Train 16281,12,STN12,Station 12,02:36,02:40,755,STN1,STN21
16281,Train 16281,13,STN13,Station 13,03:24,03:33,851,STN1,STN21
16281,Train 16281,14,STN14,Station 14,04:21,04:29,909,STN1,STN21
16281,Train 16281,15,STN15,Station 15,05:33,05:37,958,STN1,STN21
16281,Train 16281,16,STN16,Station 16,06:34,06:36,1008,STN1,STN21
16281,Train 16281,17,STN17,Station 17,07:53,08:01,1096,STN1,STN21
16281,Train 16281,18,STN18,Station 18,08:59,09:09,1162,STN1,STN21
16281,Train 16281,19,STN19,Station 19,10:14,10:20,1211,STN1,STN21
16281,Train 16281,20,STN20,Station 20,11:10,11:12,1294,STN1,STN21
16281,Train 16281,21,STN21,Station 21,13:05,00:00,1337,STN1,STN21
17811,Train 17811,1,STN1,Station 1,00:00,08:10,0,STN1,STN22
17811,Train 17811,2,STN2,Station 2,09:03,09:06,86,STN1,STN22
17811,Train 17811,3,STN3,Station 3,09:57,10:05,171,STN1,STN22
17811,Train 17811,4,STN4,Station 4,11:27,11:29,246,STN1,STN22
17811,Train 17811,5,STN5,Station 5,12:37,12:42,310,STN1,STN22
17811,Train 17811,6,STN6,Station 6,14:37,14:47,347,STN1,STN22
17811,Train 17811,7,STN7,Station 7,16:20,16:25,400,STN1,STN22
17811,Train 17811,8,STN8,Station 8,17:57,18:06,496,STN1,STN22
17811,Train 17811,9,STN9,Station 9,19:13,19:23,570,STN1,STN22
17811,Train 17811,10,STN10,Station 10,20:06,20:11,628,STN1,STN22
17811,Train 17811,11,STN11,Station 11,21:06,21:12,658,STN1,STN22
17811,Train 17811,12,STN12,Station 12,22:04,22:07,719,STN1,STN22
17811,Train 17811,13,STN13,Station 13,23:10,23:17,775,STN1,STN22
17811,Train 17811,14,STN14,Station 14,00:31,00:34,847,STN1,STN22
17811,Train 17811,15,STN15,Station 15,01:50,01:54,897,STN1,STN22
17811,Train 17811,16,STN16,Station 16,03:07,03:11,989,STN1,STN22
17811,Train 17811,17,STN17,Station 17,04:56,05:00,1031,STN1,STN22
17811,Train 17811,18,STN18,Station 18,06:42,06:52,1103,STN1,STN22
17811,Train 17811,19,STN19,Station 19,08:04,08:07,1150,STN1,STN22
17811,Train 17811,20,STN20,Station 20,09:37,09:39,1202,STN1,STN22
17811,Train 17811,21,STN21,Station 21,11:23,11:28,1235,STN1,STN22
17811,Train 17811,22,STN22,Station 22,12:16,00:00,1296,STN1,STN22
13940,Train 13940,1,STN1,Station 1,00:00,08:03,0,STN1,STN24
13940,Train 13940,2,STN2,Station 2,09:13,09:22,91,STN1,STN24
13940,Train 13940,3,STN3,Station 3,10:27,10:37,161,STN1,STN24
13940,Train 13940,4,STN4,Station 4,12:35,12:43,199,STN1,STN24
13940,Train 13940,5,STN5,Station 5,14:15,14:23,295,STN1,STN24
13940,Train 13940,6,STN6,Station 6,15:35,15:38,330,STN1,STN24
13940,Train 13940,7,STN7,Station 7,17:12,17:19,371,STN1,STN24
13940,Train 13940,8,STN8,Station 8,18:35,18:39,447,STN1,STN24
13940,Train 13940,9,STN9,Station 9,19:39,19:47,485,STN1,STN24
13940,Train 13940,10,STN10,Station 10,21:12,21:16,555,STN1,STN24
13940,Train 13940,11,STN11,Station 11,22:03,22:10,609,STN1,STN24
13940,Train 13940,12,STN12,Station 12,23:39,23:49,648,STN1,STN24
13940,Train 13940,13,STN13,Station 13,00:48,00:55,697,STN1,STN24
13940,Train 13940,14,STN14,Station 14,02:00,02:10,730,STN1,STN24
13940,Train 13940,15,STN15,Station 15,03:22,03:25,763,STN1,STN24
13940,Train 13940,16,STN16,Station 16,04:26,04:29,815,STN1,STN24
13940,Train 13940,17,STN17,Station 17,05:59,06:09,881,STN1,STN24
13940,Train 13940,18,STN18,Station 18,07:10,07:12,940,STN1,STN24
13940,Train 13940,19,STN19,Station 19,08:59,09:07,980,STN1,STN24
13940,Train 13940,20,STN20,Station 20,10:50,10:59,1055,STN1,STN24
13940,Train 13940,21,STN21,Station 21,12:05,12:12,1106,STN1,STN24
13940,Train 13940,22,STN22,Station 22,13:15,13:22,1173,STN1,STN24
13940,Train 13940,23,STN23,Station 23,15:01,15:04,1236,STN1,STN24
13940,Train 13940,24,STN24,Station 24,16:19,00:00,1278,STN1,STN24
21395,Train 21395,1,STN1,Station 1,00:00,08:06,0,STN1,STN19
21395,Train 21395,2,STN2,Station 2,10:01,10:08,97,STN1,STN19
21395,Train 21395,3,STN3,Station 3,11:40,11:47,165,STN1,STN19
21395,Train 21395,4,STN4,Station 4,13:43,13:52,201,STN1,STN19
21395,Train 21395,5,STN5,Station 5,14:45,14:54,287,STN1,STN19
21395,Train 21395,6,STN6,Station 6,15:54,15:59,372,STN1,STN19
21395,Train 21395,7,STN7,Station 7,16:44,16:53,446,STN1,STN19
21395,Train 21395,8,STN8,Station 8,18:33,18:35,490,STN1,STN19
21395,Train 21395,9,STN9,Station 9,20:35,20:40,538,STN1,STN19
21395,Train 21395,10,STN10,Station 10,21:38,21:40,621,STN1,STN19
21395,Train 21395,11,STN11,Station 11,23:07,23:11,705,STN1,STN19
21395,Train 21395,12,STN12,Station 12,00:19,00:26,796,STN1,STN19
21395,Train 21395,13,STN13,Station 13,01:58,02:04,869,STN1,STN19
21395,Train 21395,14,STN14,Station 14,03:49,03:59,958,STN1,STN19
21395,Train 21395,15,STN15,Station 15,05:51,05:59,1049,STN1,STN19
21395,Train 21395,16,STN16,Station 16,07:05,07:13,1147,STN1,STN19
21395,Train 21395,17,STN17,Station 17,09:05,09:12,1204,STN1,STN19
21395,Train 21395,18,STN18,Station 18,11:05,11:12,1303,STN1,STN19
21395,Train 21395,19,STN19,Station 19,12:06,00:00,1394,STN1,STN19
19535,Train 19535,1,STN1,Station 1,00:00,08:10,0,STN1,STN16
19535,Train 19535,2,STN2,Station 2,09:06,09:12,44,STN1,STN16
19535,Train 19535,3,STN3,Station 3,11:04,11:08,143,STN1,STN16
19535,Train 19535,4,STN4,Station 4,12:36,12:44,188,STN1,STN16
19535,Train 19535,5,STN5,Station 5,14:30,14:35,288,STN1,STN16
19535,Train 19535,6,STN6,Station 6,16:08,16:11,378,STN1,STN16
19535,Train 19535,7,STN7,Station 7,17:56,18:06,411,STN1,STN16
19535,Train 19535,8,STN8,Station 8,19:18,19:20,444,STN1,STN16
19535,Train 19535,9,STN9,Station 9,20:24,20:32,541,STN1,STN16
19535,Train 19535,10,STN10,Station 10,22:17,22:27,590,STN1,STN16
19535,Train 19535,11,STN11,Station 11,23:48,23:55,678,STN1,STN16
19535,Train 19535,12,STN12,Station 12,01:13,01:16,726,STN1,STN16
19535,Train 19535,13,STN13,Station 13,02:24,02:30,821,STN1,STN16
19535,Train 19535,14,STN14,Station 14,03:37,03:46,895,STN1,STN16
19535,Train 19535,15,STN15,Station 15,04:37,04:43,959,STN1,STN16
19535,Train 19535,16,STN16,Station 16,05:37,00:00,1007,STN1,STN16
19600,Train 19600,1,STN1,Station 1,00:00,08:04,0,STN1,STN14
19600,Train 19600,2,STN2,Station 2,09:42,09:49,46,STN1,STN14
19600,Train 19600,3,STN3,Station 3,10:37,10:46,114,STN1,STN14
19600,Train 19600,4,STN4,Station 4,12:03,12:08,164,STN1,STN14
19600,Train 19600,5,STN5,Station 5,12:48,12:57,194,STN1,STN14
19600,Train 19600,6,STN6,Station 6,13:47,13:57,228,STN1,STN14
19600,Train 19600,7,STN7,Station 7,15:42,15:44,317,STN1,STN14
19600,Train 19600,8,STN8,Station 8,17:36,17:44,411,STN1,STN14
19600,Train 19600,9,STN9,Station 9,19:22,19:28,496,STN1,STN14
19600,Train 19600,10,STN10,Station 10,20:18,20:21,591,STN1,STN14
19600,Train 19600,11,STN11,Station 11,21:59,22:07,672,STN1,STN14
19600,Train 19600,12,STN12,Station 12,23:08,23:14,769,STN1,STN14
19600,Train 19600,13,STN13,Station 13,01:04,01:09,820,STN1,STN14
19600,Train 19600,14,STN14,Station 14,03:09,00:00,870,STN1,STN14
20741,Train 20741,1,STN1,Station 1,00:00,08:06,0,STN1,STN19
20741,Train 20741,2,STN2,Station 2,09:20,09:27,87,STN1,STN19
20741,Train 20741,3,STN3,Station 3,10:27,10:29,151,STN1,STN19
20741,Train 20741,4,STN4,Station 4,11:50,11:52,205,STN1,STN19
20741,Train 20741,5,STN5,Station 5,13:41,13:45,248,STN1,STN19
20741,Train 20741,6,STN6,Station 6,14:32,14:39,341,STN1,STN19
20741,Train 20741,7,STN7,Station 7,15:47,15:49,378,STN1,STN19
20741,Train 20741,8,STN8,Station 8,17:39,17:44,413,STN1,STN19
20741,Train 20741,9,STN9,Station 9,19:00,19:03,462,STN1,STN19
20741,Train 20741,10,STN10,Station 10,19:44,19:46,495,STN1,STN19
20741,Train 20741,11,STN11,Station 11,20:35,20:40,537,STN1,STN19
20741,Train 20741,12,STN12,Station 12,22:00,22:05,622,STN1,STN19
20741,Train 20741,13,STN13,Station 13,23:08,23:15,686,STN1,STN19
20741,Train 20741,14,STN14,Station 14,01:08,01:11,772,STN1,STN19
20741,Train 20741,15,STN15,Station 15,02:48,02:50,853,STN1,STN19
20741,Train 20741,16,STN16,Station 16,04:25,04:34,952,STN1,STN19
20741,Train 20741,17,STN17,Station 17,05:51,05:54,998,STN1,STN19
20741,Train 20741,18,STN18,Station 18,07:54,08:03,1057,STN1,STN19
20741,Train 20741,19,STN19,Station 19,09:05,00:00,1089,STN1,STN19
18709,Train 18709,1,STN1,Station 1,00:00,08:09,0,STN1,STN25
18709,Train 18709,2,STN2,Station 2,09:17,09:22,59,STN1,STN25
18709,Train 18709,3,STN3,Station 3,10:50,10:59,142,STN1,STN25
18709,Train 18709,4,STN4,Station 4,12:36,12:42,218,STN1,STN25
18709,Train 18709,5,STN5,Station 5,14:25,14:32,256,STN1,STN25
18709,Train 18709,6,STN6,Station 6,16:00,16:09,336,STN1,STN25
18709,Train 18709,7,STN7,Station 7,16:51,16:54,385,STN1,STN25
18709,Train 18709,8,STN8,Station 8,18:43,18:47,470,STN1,STN25
18709,Train 18709,9,STN9,Station 9,19:35,19:39,555,STN1,STN25
18709,Train 18709,10,STN10,Station 10,20:33,20:41,593,STN1,STN25
18709,Train 18709,11,STN11,Station 11,22:36,22:42,635,STN1,STN25
18709,Train 18709,12,STN12,Station 12,00:02,00:09,670,STN1,STN25
18709,Train 18709,13,STN13,Station 13,01:29,01:31,756,STN1,STN25
18709,Train 18709,14,STN14,Station 14,02:27,02:33,834,STN1,STN25
18709,Train 18709,15,STN15,Station 15,04:13,04:17,892,STN1,STN25
18709,Train 18709,16,STN16,Station 16,05:14,05:19,977,STN1,STN25
18709,Train 18709,17,STN17,Station 17,06:51,06:56,1026,STN1,STN25
18709,Train 18709,18,STN18,Station 18,07:53,07:57,1094,STN1,STN25
18709,Train 18709,19,STN19,Station 19,09:22,09:26,1148,STN1,STN25
18709,Train 18709,20,STN20,Station 20,10:43,10:51,1224,STN1,STN25
18709,Train 18709,21,STN21,Station 21,11:38,11:40,1315,STN1,STN25
18709,Train 18709,22,STN22,Station 22,12:39,12:48,1413,STN1,STN25
18709,Train 18709,23,STN23,Station 23,13:49,13:58,1460,STN1,STN25
18709,Train 18709,24,STN24,Station 24,15:16,15:22,1512,STN1,STN25
18709,Train 18709,25,STN25,Station 25,16:17,00:00,1604,STN1,STN25
13635,Train 13635,1,STN1,Station 1,00:00,08:08,0,STN1,STN15
13635,Train 13635,2,STN2,Station 2,08:58,09:05,82,STN1,STN15
13635,Train 13635,3,STN3,Station 3,10:02,10:07,161,STN1,STN15
13635,Train 13635,4,STN4,Station 4,11:40,11:48,208,STN1,STN15
13635,Train 13635,5,STN5,Station 5,12:31,12:37,293,STN1,STN15
13635,Train 13635,6,STN6,Station 6,14:10,14:20,332,STN1,STN15
13635,Train 13635,7,STN7,Station 7,16:01,16:11,386,STN1,STN15
13635,Train 13635,8,STN8,Station 8,17:29,17:33,443,STN1,STN15
13635,Train 13635,9,STN9,Station 9,19:03,19:06,527,STN1,STN15
13635,Train 13635,10,STN10,Station 10,20:17,20:24,608,STN1,STN15
13635,Train 13635,11,STN11,Station 11,22:00,22:07,655,STN1,STN15
13635,Train 13635,12,STN12,Station 12,23:30,23:39,685,STN1,STN15
13635,Train 13635,13,STN13,Station 13,01:25,01:35,738,STN1,STN15
13635,Train 13635,14,STN14,Station 14,03:35,03:39,795,STN1,STN15
13635,Train 13635,15,STN15,Station 15,05:07,00:00,840,STN1,STN15
12995,Train 12995,1,STN1,Station 1,00:00,08:09,0,STN1,STN30
12995,Train 12995,2,STN2,Station 2,09:12,09:15,86,STN1,STN30
12995,Train 12995,3,STN3,Station 3,11:05,11:12,140,STN1,STN30
12995,Train 12995,4,STN4,Station 4,11:54,12:00,207,STN1,STN30
12995,Train 12995,5,STN5,Station 5,12:56,13:06,258,STN1,STN30
12995,Train 12995,6,STN6,Station 6,13:52,14:00,341,STN1,STN30
12995,Train 12995,7,STN7,Station 7,15:30,15:37,430,STN1,STN30
12995,Train 12995,8,STN8,Station 8,17:23,17:31,525,STN1,STN30
12995,Train 12995,9,STN9,Station 9,19:24,19:34,595,STN1,STN30
12995,Train 12995,10,STN10,Station 10,20:35,20:43,653,STN1,STN30
12995,Train 12995,11,STN11,Station 11,22:20,22:22,698,STN1,STN30
12995,Train 12995,12,STN12,Station 12,23:43,23:49,792,STN1,STN30
12995,Train 12995,13,STN13,Station 13,01:07,01:10,892,STN1,STN30
12995,Train 12995,14,STN14,Station 14,01:54,02:04,972,STN1,STN30
12995,Train 12995,15,STN15,Station 15,03:08,03:10,1038,STN1,STN30
12995,Train 12995,16,STN16,Station 16,04:37,04:45,1119,STN1,STN30
12995,Train 12995,17,STN17,Station 17,06:17,06:19,1156,STN1,STN30
12995,Train 12995,18,STN18,Station 18,07:02,07:11,1207,STN1,STN30
12995,Train 12995,19,STN19,Station 19,08:45,08:47,1300,STN1,STN30
12995,Train 12995,20,STN20,Station 20,10:39,10:49,1366,STN1,STN30
12995,Train 12995,21,STN21,Station 21,11:30,11:36,1400,STN1,STN30
12995,Train 12995,22,STN22,Station 22,13:25,13:33,1453,STN1,STN30
12995,Train 12995,23,STN23,Station 23,14:48,14:54,1551,STN1,STN30
12995,Train 12995,24,STN24,Station 24,15:56,15:58,1598,STN1,STN30
12995,Train 12995,25,STN25,Station 25,17:58,18:07,1631,STN1,STN30
12995,Train 12995,26,STN26,Station 26,19:51,20:00,1681,STN1,STN30
12995,Train 12995,27,STN27,Station 27,21:54,21:57,1732,STN1,STN30
12995,Train 12995,28,STN28,Station 28,22:58,23:02,1818,STN1,STN30
12995,Train 12995,29,STN29,Station 29,00:55,01:05,1899,STN1,STN30
12995,Train 12995,30,STN30,Station 30,01:57,00:00,1994,STN1,STN30
